sku,site,url,amount_cents
rtx-5060,kabum,https://www.kabum.com.br/busca/rtx-5060,411100
rtx-5060,kabum,https://www.kabum.com.br/busca/rtx-5060,339900
rtx-5060,kabum,https://www.kabum.com.br/busca/rtx-5060,359900
rtx-5060,kabum,https://www.kabum.com.br/busca/rtx-5060,259900
rtx-5060,terabyte,https://www.terabyteshop.com.br/busca?str=rtx+5060,329411
rtx-5060,terabyte,https://www.terabyteshop.com.br/busca?str=rtx+5060,323528
rtx-5060,terabyte,https://www.terabyteshop.com.br/busca?str=rtx+5060,341175
rtx-5060,terabyte,https://www.terabyteshop.com.br/busca?str=rtx+5060,370587
rtx-5060,terabyte,https://www.terabyteshop.com.br/busca?str=rtx+5060,341175
rtx-5060,terabyte,https://www.terabyteshop.com.br/busca?str=rtx+5060,329411
rtx-5060,amazon-br,https://www.amazon.com.br/s?k=rtx+5060,274901
rtx-5060,amazon-br,https://www.amazon.com.br/s?k=rtx+5060,263999
rtx-5060,amazon-br,https://www.amazon.com.br/s?k=rtx+5060,279999
rtx-5060,amazon-br,https://www.amazon.com.br/s?k=rtx+5060,283955
rtx-5060,amazon-br,https://www.amazon.com.br/s?k=rtx+5060,291476
rtx-5060,amazon-br,https://www.amazon.com.br/s?k=rtx+5060,294405
rtx-5060,amazon-br,https://www.amazon.com.br/s?k=rtx+5060,379905
rtx-5060,amazon-br,https://www.amazon.com.br/s?k=rtx+5060,318818
rtx-5060,amazon-br,https://www.amazon.com.br/s?k=rtx+5060,295199
rtx-5060,amazon-br,https://www.amazon.com.br/s?k=rtx+5060,295990
rtx-5060,amazon-br,https://www.amazon.com.br/s?k=rtx+5060,335085
rtx-5060,amazon-br,https://www.amazon.com.br/s?k=rtx+5060,260410
rtx-5060,amazon-br,https://www.amazon.com.br/s?k=rtx+5060,363417
rtx-5060,amazon-br,https://www.amazon.com.br/s?k=rtx+5060,288805
rtx-5060,amazon-br,https://www.amazon.com.br/s?k=rtx+5060,322905
rtx-5060,amazon-br,https://www.amazon.com.br/s?k=rtx+5060,294500
rtx-5060,amazon-br,https://www.amazon.com.br/s?k=rtx+5060,346469
rtx-5060,amazon-br,https://www.amazon.com.br/s?k=rtx+5060,396171
rtx-5060,amazon-br,https://www.amazon.com.br/s?k=rtx+5060,335999
rtx-5060,amazon-br,https://www.amazon.com.br/s?k=rtx+5060,388234
rtx-5060,amazon-br,https://www.amazon.com.br/s?k=rtx+5060,318618
rtx-5060,amazon-br,https://www.amazon.com.br/s?k=rtx+5060,312940
rtx-5060,amazon-br,https://www.amazon.com.br/s?k=rtx+5060,317646
rtx-5060,amazon-br,https://www.amazon.com.br/s?k=rtx+5060,332405
rtx-5060,amazon-br,https://www.amazon.com.br/s?k=rtx+5060,234972
rtx-5060,amazon-br,https://www.amazon.com.br/s?k=rtx+5060,361460
rtx-5060,amazon-br,https://www.amazon.com.br/s?k=rtx+5060,315852
rtx-5060,amazon-br,https://www.amazon.com.br/s?k=rtx+5060,341905
rtx-5060,amazon-br,https://www.amazon.com.br/s?k=rtx+5060,227999
rtx-5060,amazon-br,https://www.amazon.com.br/s?k=rtx+5060,339999
rtx-5060,amazon-br,https://www.amazon.com.br/s?k=rtx+5060,309998
rtx-5060,amazon-br,https://www.amazon.com.br/s?k=rtx+5060,312940
rtx-5060,amazon-br,https://www.amazon.com.br/s?k=rtx+5060,341905
rtx-5060,amazon-br,https://www.amazon.com.br/s?k=rtx+5060,389405
rtx-5060,amazon-br,https://www.amazon.com.br/s?k=rtx+5060,352005
rtx-5060,amazon-br,https://www.amazon.com.br/s?k=rtx+5060,183908
rtx-5060,amazon-br,https://www.amazon.com.br/s?k=rtx+5060,322425
rtx-5060,amazon-br,https://www.amazon.com.br/s?k=rtx+5060,379990
rtx-5060,amazon-br,https://www.amazon.com.br/s?k=rtx+5060,312940
rtx-5060,amazon-br,https://www.amazon.com.br/s?k=rtx+5060,325137
rtx-5060,amazon-br,https://www.amazon.com.br/s?k=rtx+5060,340000
rtx-5060,amazon-br,https://www.amazon.com.br/s?k=rtx+5060,340000
rtx-5060,olx,https://olx.com.br/brasil?q=rtx+5060,250000
rtx-5060,olx,https://olx.com.br/brasil?q=rtx+5060,280000
rtx-5060,olx,https://olx.com.br/brasil?q=rtx+5060,349900
rtx-5060,olx,https://olx.com.br/brasil?q=rtx+5060,299900
rtx-5060,olx,https://olx.com.br/brasil?q=rtx+5060,400000
rtx-5060,olx,https://olx.com.br/brasil?q=rtx+5060,265000
rtx-5060,olx,https://olx.com.br/brasil?q=rtx+5060,279900
rtx-5060,olx,https://olx.com.br/brasil?q=rtx+5060,450000
rtx-5060,olx,https://olx.com.br/brasil?q=rtx+5060,389900
rtx-5060,olx,https://olx.com.br/brasil?q=rtx+5060,280000
rtx-5060,olx,https://olx.com.br/brasil?q=rtx+5060,275000
rtx-5060,olx,https://olx.com.br/brasil?q=rtx+5060,294900
rtx-5060,olx,https://olx.com.br/brasil?q=rtx+5060,315000
rtx-5060,olx,https://olx.com.br/brasil?q=rtx+5060,240000
rtx-5060,olx,https://olx.com.br/brasil?q=rtx+5060,270000
rtx-5060,olx,https://olx.com.br/brasil?q=rtx+5060,250000
rtx-5060,olx,https://olx.com.br/brasil?q=rtx+5060,230000
rtx-5060,olx,https://olx.com.br/brasil?q=rtx+5060,440000
rtx-5060,olx,https://olx.com.br/brasil?q=rtx+5060,350000
rtx-5060,olx,https://olx.com.br/brasil?q=rtx+5060,400000
rtx-5060,olx,https://olx.com.br/brasil?q=rtx+5060,255000
rtx-5060,olx,https://olx.com.br/brasil?q=rtx+5060,249000
rtx-5060,olx,https://olx.com.br/brasil?q=rtx+5060,295000
rtx-5060,olx,https://olx.com.br/brasil?q=rtx+5060,339000
rtx-5060,olx,https://olx.com.br/brasil?q=rtx+5060,279900
rtx-5060,olx,https://olx.com.br/brasil?q=rtx+5060,275000
rtx-5060,olx,https://olx.com.br/brasil?q=rtx+5060,265000
rtx-5060,olx,https://olx.com.br/brasil?q=rtx+5060,220000
rtx-5060,olx,https://olx.com.br/brasil?q=rtx+5060,260000
rtx-5060,olx,https://olx.com.br/brasil?q=rtx+5060,249900
rtx-5060,olx,https://olx.com.br/brasil?q=rtx+5060,269900
rtx-5060,olx,https://olx.com.br/brasil?q=rtx+5060,250000
rtx-5060,olx,https://olx.com.br/brasil?q=rtx+5060,245000
rtx-5060,olx,https://olx.com.br/brasil?q=rtx+5060,250000
rtx-5060,olx,https://olx.com.br/brasil?q=rtx+5060,260000
rtx-5060,olx,https://olx.com.br/brasil?q=rtx+5060,270000
rtx-5060,olx,https://olx.com.br/brasil?q=rtx+5060,279900
rtx-5060,olx,https://olx.com.br/brasil?q=rtx+5060,279900
rtx-5060,olx,https://olx.com.br/brasil?q=rtx+5060,289900
rtx-5060,olx,https://olx.com.br/brasil?q=rtx+5060,274900
rtx-5060,olx,https://olx.com.br/brasil?q=rtx+5060,279900
rtx-5060,olx,https://olx.com.br/brasil?q=rtx+5060,264000
rtx-5060,olx,https://olx.com.br/brasil?q=rtx+5060,299900
rtx-5060,olx,https://olx.com.br/brasil?q=rtx+5060,255000
rtx-5060,olx,https://olx.com.br/brasil?q=rtx+5060,249900
rtx-5060,olx,https://olx.com.br/brasil?q=rtx+5060,280000
rtx-5060,olx,https://olx.com.br/brasil?q=rtx+5060,259900
rtx-5060,olx,https://olx.com.br/brasil?q=rtx+5060,350000
rtx-5060,olx,https://olx.com.br/brasil?q=rtx+5060,259900
rtx-5060-ti,kabum,https://www.kabum.com.br/busca/rtx-5060,411100
rtx-5060-ti,kabum,https://www.kabum.com.br/busca/rtx-5060,339900
rtx-5060-ti,kabum,https://www.kabum.com.br/busca/rtx-5060,359900
rtx-5060-ti,kabum,https://www.kabum.com.br/busca/rtx-5060,259900
rtx-5060-ti,terabyte,https://www.terabyteshop.com.br/busca?str=rtx+5060+ti,370587
rtx-5060-ti,terabyte,https://www.terabyteshop.com.br/busca?str=rtx+5060+ti,541175
rtx-5060-ti,terabyte,https://www.terabyteshop.com.br/produto/36048/placa-de-video-palit-nvidia-geforce-rtx-5060-ti-infinity-3-16gb-gddr7-dlss-ray-tracing-ne7506t019t1-gb2061s,519990
rtx-5060-ti,terabyte,https://www.terabyteshop.com.br/produto/35802/placa-de-video-gigabyte-nvidia-geforce-rtx-5060-ti-gaming-oc-8gb-gddr7-dlss-ray-tracing-gv-n506tgaming-oc-8gd,353999
rtx-5060-ti,terabyte,https://www.terabyteshop.com.br/produto/35802/placa-de-video-gigabyte-nvidia-geforce-rtx-5060-ti-gaming-oc-8gb-gddr7-dlss-ray-tracing-gv-n506tgaming-oc-8gd,355998
rtx-5060-ti,terabyte,https://www.terabyteshop.com.br/produto/39095/placa-de-video-msi-nvidia-geforce-rtx-5060-ti-ventus-2x-oc-black-plus-16gb-gddr7-dlss-ray-tracing,519990
rtx-5060-ti,terabyte,https://www.terabyteshop.com.br/produto/42841/placa-de-video-pcyes-nvidia-geforce-rtx-5060-ti-16gb-gddr7-dlss-ray-tracing-pvrtx5060tib2f16g,459999
rtx-5060-ti,terabyte,https://www.terabyteshop.com.br/produto/42841/placa-de-video-pcyes-nvidia-geforce-rtx-5060-ti-16gb-gddr7-dlss-ray-tracing-pvrtx5060tib2f16g,459999
rtx-5060-ti,amazon-br,https://www.amazon.com.br/rtx-5060-ti/s?k=rtx+5060+ti,379905
rtx-5060-ti,amazon-br,https://www.amazon.com.br/rtx-5060-ti/s?k=rtx+5060+ti,335085
rtx-5060-ti,amazon-br,https://www.amazon.com.br/rtx-5060-ti/s?k=rtx+5060+ti,274901
rtx-5060-ti,amazon-br,https://www.amazon.com.br/rtx-5060-ti/s?k=rtx+5060+ti,322905
rtx-5060-ti,amazon-br,https://www.amazon.com.br/rtx-5060-ti/s?k=rtx+5060+ti,346469
rtx-5060-ti,amazon-br,https://www.amazon.com.br/rtx-5060-ti/s?k=rtx+5060+ti,388234
rtx-5060-ti,amazon-br,https://www.amazon.com.br/rtx-5060-ti/s?k=rtx+5060+ti,335999
rtx-5060-ti,amazon-br,https://www.amazon.com.br/rtx-5060-ti/s?k=rtx+5060+ti,339999
rtx-5060-ti,amazon-br,https://www.amazon.com.br/rtx-5060-ti/s?k=rtx+5060+ti,352005
rtx-5060-ti,amazon-br,https://www.amazon.com.br/rtx-5060-ti/s?k=rtx+5060+ti,539900
rtx-5060-ti,amazon-br,https://www.amazon.com.br/rtx-5060-ti/s?k=rtx+5060+ti,279999
rtx-5060-ti,amazon-br,https://www.amazon.com.br/rtx-5060-ti/s?k=rtx+5060+ti,322425
rtx-5060-ti,amazon-br,https://www.amazon.com.br/rtx-5060-ti/s?k=rtx+5060+ti,263999
rtx-5060-ti,amazon-br,https://www.amazon.com.br/rtx-5060-ti/s?k=rtx+5060+ti,361460
rtx-5060-ti,amazon-br,https://www.amazon.com.br/rtx-5060-ti/s?k=rtx+5060+ti,533140
rtx-5060-ti,amazon-br,https://www.amazon.com.br/rtx-5060-ti/s?k=rtx+5060+ti,379990
rtx-5060-ti,amazon-br,https://www.amazon.com.br/rtx-5060-ti/s?k=rtx+5060+ti,295199
rtx-5060-ti,amazon-br,https://www.amazon.com.br/rtx-5060-ti/s?k=rtx+5060+ti,260410
rtx-5060-ti,amazon-br,https://www.amazon.com.br/rtx-5060-ti/s?k=rtx+5060+ti,267258
rtx-5060-ti,amazon-br,https://www.amazon.com.br/rtx-5060-ti/s?k=rtx+5060+ti,295990
rtx-5060-ti,amazon-br,https://www.amazon.com.br/rtx-5060-ti/s?k=rtx+5060+ti,291476
rtx-5060-ti,amazon-br,https://www.amazon.com.br/rtx-5060-ti/s?k=rtx+5060+ti,346469
rtx-5060-ti,amazon-br,https://www.amazon.com.br/rtx-5060-ti/s?k=rtx+5060+ti,345935
rtx-5060-ti,amazon-br,https://www.amazon.com.br/rtx-5060-ti/s?k=rtx+5060+ti,294405
rtx-5060-ti,amazon-br,https://www.amazon.com.br/rtx-5060-ti/s?k=rtx+5060+ti,318818
rtx-5060-ti,amazon-br,https://www.amazon.com.br/rtx-5060-ti/s?k=rtx+5060+ti,283955
rtx-5060-ti,amazon-br,https://www.amazon.com.br/rtx-5060-ti/s?k=rtx+5060+ti,436905
rtx-5060-ti,amazon-br,https://www.amazon.com.br/rtx-5060-ti/s?k=rtx+5060+ti,436905
rtx-5060-ti,amazon-br,https://www.amazon.com.br/rtx-5060-ti/s?k=rtx+5060+ti,513000
rtx-5060-ti,amazon-br,https://www.amazon.com.br/rtx-5060-ti/s?k=rtx+5060+ti,363417
rtx-5060-ti,amazon-br,https://www.amazon.com.br/rtx-5060-ti/s?k=rtx+5060+ti,396171
rtx-5060-ti,amazon-br,https://www.amazon.com.br/rtx-5060-ti/s?k=rtx+5060+ti,347700
rtx-5060-ti,amazon-br,https://www.amazon.com.br/rtx-5060-ti/s?k=rtx+5060+ti,436905
rtx-5060-ti,amazon-br,https://www.amazon.com.br/rtx-5060-ti/s?k=rtx+5060+ti,288805
rtx-5060-ti,amazon-br,https://www.amazon.com.br/rtx-5060-ti/s?k=rtx+5060+ti,371224
rtx-5060-ti,amazon-br,https://www.amazon.com.br/rtx-5060-ti/s?k=rtx+5060+ti,373910
rtx-5060-ti,amazon-br,https://www.amazon.com.br/rtx-5060-ti/s?k=rtx+5060+ti,318618
rtx-5060-ti,amazon-br,https://www.amazon.com.br/rtx-5060-ti/s?k=rtx+5060+ti,475855
rtx-5060-ti,amazon-br,https://www.amazon.com.br/rtx-5060-ti/s?k=rtx+5060+ti,350000
rtx-5060-ti,amazon-br,https://www.amazon.com.br/rtx-5060-ti/s?k=rtx+5060+ti,350000
rtx-5060-ti,olx,https://olx.com.br/brasil?q=rtx+5060+ti,329900
rtx-5060-ti,olx,https://olx.com.br/brasil?q=rtx+5060+ti,329900
rtx-5060-ti,olx,https://olx.com.br/brasil?q=rtx+5060+ti,329900
rtx-5060-ti,olx,https://olx.com.br/brasil?q=rtx+5060+ti,349900
rtx-5060-ti,olx,https://olx.com.br/brasil?q=rtx+5060+ti,400000
rtx-5060-ti,olx,https://olx.com.br/brasil?q=rtx+5060+ti,499900
rtx-5060-ti,olx,https://olx.com.br/brasil?q=rtx+5060+ti,450000
rtx-5060-ti,olx,https://olx.com.br/brasil?q=rtx+5060+ti,389900
rtx-5060-ti,olx,https://olx.com.br/brasil?q=rtx+5060+ti,440000
rtx-5060-ti,olx,https://olx.com.br/brasil?q=rtx+5060+ti,350000
rtx-5060-ti,olx,https://olx.com.br/brasil?q=rtx+5060+ti,479900
rtx-5060-ti,olx,https://olx.com.br/brasil?q=rtx+5060+ti,299900
rtx-5060-ti,olx,https://olx.com.br/brasil?q=rtx+5060+ti,350000
rtx-5060-ti,olx,https://olx.com.br/brasil?q=rtx+5060+ti,329900
rtx-5060-ti,olx,https://olx.com.br/brasil?q=rtx+5060+ti,329900
rtx-5060-ti,olx,https://olx.com.br/brasil?q=rtx+5060+ti,329900
rtx-5060-ti,olx,https://olx.com.br/brasil?q=rtx+5060+ti,325000
rtx-5060-ti,olx,https://olx.com.br/brasil?q=rtx+5060+ti,329900
rtx-5060-ti,olx,https://olx.com.br/brasil?q=rtx+5060+ti,450000
rtx-5060-ti,olx,https://olx.com.br/brasil?q=rtx+5060+ti,279900
rtx-5060-ti,olx,https://olx.com.br/brasil?q=rtx+5060+ti,299900
rtx-5060-ti,olx,https://olx.com.br/brasil?q=rtx+5060+ti,310000
rtx-5060-ti,olx,https://olx.com.br/brasil?q=rtx+5060+ti,320000
rtx-5060-ti,olx,https://olx.com.br/brasil?q=rtx+5060+ti,330000
rtx-5060-ti,olx,https://olx.com.br/brasil?q=rtx+5060+ti,290000
rtx-5060-ti,olx,https://olx.com.br/brasil?q=rtx+5060+ti,295000
rtx-5060-ti,olx,https://olx.com.br/brasil?q=rtx+5060+ti,299900
rtx-5060-ti,olx,https://olx.com.br/brasil?q=rtx+5060+ti,419900
rtx-5060-ti,olx,https://olx.com.br/brasil?q=rtx+5060+ti,390000
rtx-5060-ti,olx,https://olx.com.br/brasil?q=rtx+5060+ti,420000
rtx-5060-ti,olx,https://olx.com.br/brasil?q=rtx+5060+ti,260000
rtx-5060-ti,olx,https://olx.com.br/brasil?q=rtx+5060+ti,450000
rtx-5060-ti,olx,https://olx.com.br/brasil?q=rtx+5060+ti,375000
rtx-5060-ti,olx,https://olx.com.br/brasil?q=rtx+5060+ti,380000
rtx-5060-ti,olx,https://olx.com.br/brasil?q=rtx+5060+ti,359900
rtx-5060-ti,olx,https://olx.com.br/brasil?q=rtx+5060+ti,350000
rtx-5060-ti,olx,https://olx.com.br/brasil?q=rtx+5060+ti,380000
rtx-5060-ti,olx,https://olx.com.br/brasil?q=rtx+5060+ti,419900
rtx-5060-ti,olx,https://olx.com.br/brasil?q=rtx+5060+ti,299900
rtx-5060-ti,olx,https://olx.com.br/brasil?q=rtx+5060+ti,240000
rtx-5060-ti,olx,https://olx.com.br/brasil?q=rtx+5060+ti,280000
rtx-5060-ti,olx,https://olx.com.br/brasil?q=rtx+5060+ti,315000
rtx-5060-ti,olx,https://olx.com.br/brasil?q=rtx+5060+ti,400000
rtx-5060-ti,olx,https://olx.com.br/brasil?q=rtx+5060+ti,360000
rtx-5060-ti,olx,https://olx.com.br/brasil?q=rtx+5060+ti,400000
rtx-5060-ti,olx,https://olx.com.br/brasil?q=rtx+5060+ti,410000
rtx-5060-ti,olx,https://olx.com.br/brasil?q=rtx+5060+ti,410000
rtx-5060-ti,olx,https://olx.com.br/brasil?q=rtx+5060+ti,290000
rtx-5060-ti,olx,https://olx.com.br/brasil?q=rtx+5060+ti,300000
rtx-5060-ti,olx,https://olx.com.br/brasil?q=rtx+5060+ti,260000
rtx-5060-ti,olx,https://olx.com.br/brasil?q=rtx+5060+ti,280000
rtx-5060-ti,olx,https://olx.com.br/brasil?q=rtx+5060+ti,290000
rtx-5060-ti,olx,https://olx.com.br/brasil?q=rtx+5060+ti,399900
rtx-5060-ti,olx,https://olx.com.br/brasil?q=rtx+5060+ti,430000
rtx-5060-ti,olx,https://olx.com.br/brasil?q=rtx+5060+ti,390000
rtx-5060-ti,olx,https://olx.com.br/brasil?q=rtx+5060+ti,420000
rtx-5060-ti,olx,https://olx.com.br/brasil?q=rtx+5060+ti,319900
rtx-5060-ti,olx,https://olx.com.br/brasil?q=rtx+5060+ti,329900
rtx-5060-ti,olx,https://olx.com.br/brasil?q=rtx+5060+ti,269900
rtx-5060-ti,olx,https://olx.com.br/brasil?q=rtx+5060+ti,259900
rtx-5060-ti,olx,https://olx.com.br/brasil?q=rtx+5060+ti,395000
rtx-5060-ti,olx,https://olx.com.br/brasil?q=rtx+5060+ti,269900
rtx-5070,kabum,https://www.kabum.com.br/busca/rtx-5070,611100
rtx-5070,kabum,https://www.kabum.com.br/busca/rtx-5070,411100
rtx-5070,kabum,https://www.kabum.com.br/busca/rtx-5070,611100
rtx-5070,kabum,https://www.kabum.com.br/busca/rtx-5070,431200
rtx-5070,kabum,https://www.kabum.com.br/busca/rtx-5070,480000
rtx-5070,kabum,https://www.kabum.com.br/busca/rtx-5070,359900
rtx-5070,terabyte,https://www.terabyteshop.com.br/busca?str=rtx+5070,694116
rtx-5070,terabyte,https://www.terabyteshop.com.br/busca?str=rtx+5070,670587
rtx-5070,terabyte,https://www.terabyteshop.com.br/busca?str=rtx+5070,670587
rtx-5070,terabyte,https://www.terabyteshop.com.br/busca?str=rtx+5070,682352
rtx-5070,amazon-br,https://www.amazon.com.br/s?k=rtx+5070,588888
rtx-5070,amazon-br,https://www.amazon.com.br/s?k=rtx+5070,588888
rtx-5070,amazon-br,https://www.amazon.com.br/s?k=rtx+5070,548888
rtx-5070,amazon-br,https://www.amazon.com.br/s?k=rtx+5070,615856
rtx-5070,amazon-br,https://www.amazon.com.br/s?k=rtx+5070,529999
rtx-5070,amazon-br,https://www.amazon.com.br/s?k=rtx+5070,581523
rtx-5070,amazon-br,https://www.amazon.com.br/s?k=rtx+5070,588050
rtx-5070,amazon-br,https://www.amazon.com.br/s?k=rtx+5070,598405
rtx-5070,amazon-br,https://www.amazon.com.br/s?k=rtx+5070,593939
rtx-5070,amazon-br,https://www.amazon.com.br/s?k=rtx+5070,670586
rtx-5070,amazon-br,https://www.amazon.com.br/s?k=rtx+5070,379905
rtx-5070,amazon-br,https://www.amazon.com.br/s?k=rtx+5070,508240
rtx-5070,amazon-br,https://www.amazon.com.br/s?k=rtx+5070,539900
rtx-5070,amazon-br,https://www.amazon.com.br/s?k=rtx+5070,589990
rtx-5070,amazon-br,https://www.amazon.com.br/s?k=rtx+5070,317646
rtx-5070,amazon-br,https://www.amazon.com.br/s?k=rtx+5070,339999
rtx-5070,amazon-br,https://www.amazon.com.br/s?k=rtx+5070,603528
rtx-5070,amazon-br,https://www.amazon.com.br/s?k=rtx+5070,670586
rtx-5070,amazon-br,https://www.amazon.com.br/s?k=rtx+5070,603528
rtx-5070,amazon-br,https://www.amazon.com.br/s?k=rtx+5070,617405
rtx-5070,amazon-br,https://www.amazon.com.br/s?k=rtx+5070,551533
rtx-5070,amazon-br,https://www.amazon.com.br/s?k=rtx+5070,322905
rtx-5070,amazon-br,https://www.amazon.com.br/s?k=rtx+5070,346469
rtx-5070,amazon-br,https://www.amazon.com.br/s?k=rtx+5070,533140
rtx-5070,amazon-br,https://www.amazon.com.br/s?k=rtx+5070,617405
rtx-5070,amazon-br,https://www.amazon.com.br/s?k=rtx+5070,339999
rtx-5070,amazon-br,https://www.amazon.com.br/s?k=rtx+5070,335999
rtx-5070,amazon-br,https://www.amazon.com.br/s?k=rtx+5070,422740
rtx-5070,amazon-br,https://www.amazon.com.br/s?k=rtx+5070,335085
rtx-5070,amazon-br,https://www.amazon.com.br/s?k=rtx+5070,490000
rtx-5070,amazon-br,https://www.amazon.com.br/s?k=rtx+5070,490000
rtx-5070,olx,https://olx.com.br/brasil?q=rtx+5070,489900
rtx-5070,olx,https://olx.com.br/brasil?q=rtx+5070,519900
rtx-5070,olx,https://olx.com.br/brasil?q=rtx+5070,519900
rtx-5070,olx,https://olx.com.br/brasil?q=rtx+5070,479900
rtx-5070,olx,https://olx.com.br/brasil?q=rtx+5070,489900
rtx-5070,olx,https://olx.com.br/brasil?q=rtx+5070,529900
rtx-5070,olx,https://olx.com.br/brasil?q=rtx+5070,700000
rtx-5070,olx,https://olx.com.br/brasil?q=rtx+5070,599900
rtx-5070,olx,https://olx.com.br/brasil?q=rtx+5070,609900
rtx-5070,olx,https://olx.com.br/brasil?q=rtx+5070,470000
rtx-5070,olx,https://olx.com.br/brasil?q=rtx+5070,480000
rtx-5070,olx,https://olx.com.br/brasil?q=rtx+5070,520000
rtx-5070,olx,https://olx.com.br/brasil?q=rtx+5070,519900
rtx-5070,olx,https://olx.com.br/brasil?q=rtx+5070,539900
rtx-5070,olx,https://olx.com.br/brasil?q=rtx+5070,470000
rtx-5070,olx,https://olx.com.br/brasil?q=rtx+5070,539900
rtx-5070,olx,https://olx.com.br/brasil?q=rtx+5070,510000
rtx-5070,olx,https://olx.com.br/brasil?q=rtx+5070,479900
rtx-5070,olx,https://olx.com.br/brasil?q=rtx+5070,489900
rtx-5070,olx,https://olx.com.br/brasil?q=rtx+5070,535000
rtx-5070,olx,https://olx.com.br/brasil?q=rtx+5070,539900
rtx-5070,olx,https://olx.com.br/brasil?q=rtx+5070,539900
rtx-5070,olx,https://olx.com.br/brasil?q=rtx+5070,529900
rtx-5070,olx,https://olx.com.br/brasil?q=rtx+5070,509900
rtx-5070,olx,https://olx.com.br/brasil?q=rtx+5070,599900
rtx-5070,olx,https://olx.com.br/brasil?q=rtx+5070,539900
rtx-5070,olx,https://olx.com.br/brasil?q=rtx+5070,570000
rtx-5070,olx,https://olx.com.br/brasil?q=rtx+5070,509900
rtx-5070,olx,https://olx.com.br/brasil?q=rtx+5070,560000
rtx-5070,olx,https://olx.com.br/brasil?q=rtx+5070,589900
rtx-5070,olx,https://olx.com.br/brasil?q=rtx+5070,549900
rtx-5070,olx,https://olx.com.br/brasil?q=rtx+5070,450000
rtx-5070,olx,https://olx.com.br/brasil?q=rtx+5070,470000
rtx-5070,olx,https://olx.com.br/brasil?q=rtx+5070,519900
rtx-5070-ti,kabum,https://www.kabum.com.br/busca/rtx-5070,611100
rtx-5070-ti,kabum,https://www.kabum.com.br/busca/rtx-5070,411100
rtx-5070-ti,kabum,https://www.kabum.com.br/busca/rtx-5070,611100
rtx-5070-ti,kabum,https://www.kabum.com.br/busca/rtx-5070,431200
rtx-5070-ti,kabum,https://www.kabum.com.br/busca/rtx-5070,811100
rtx-5070-ti,kabum,https://www.kabum.com.br/busca/rtx-5070,719900
rtx-5070-ti,kabum,https://www.kabum.com.br/busca/rtx-5070,480000
rtx-5070-ti,terabyte,https://www.terabyteshop.com.br/busca?str=rtx+5070+ti,694116
rtx-5070-ti,terabyte,https://www.terabyteshop.com.br/busca?str=rtx+5070+ti,670587
rtx-5070-ti,terabyte,https://www.terabyteshop.com.br/busca?str=rtx+5070+ti,741175
rtx-5070-ti,amazon-br,https://www.amazon.com.br/s?k=rtx+5070+ti,615856
rtx-5070-ti,amazon-br,https://www.amazon.com.br/s?k=rtx+5070+ti,854999
rtx-5070-ti,amazon-br,https://www.amazon.com.br/s?k=rtx+5070+ti,588888
rtx-5070-ti,amazon-br,https://www.amazon.com.br/s?k=rtx+5070+ti,551533
rtx-5070-ti,amazon-br,https://www.amazon.com.br/s?k=rtx+5070+ti,539900
rtx-5070-ti,amazon-br,https://www.amazon.com.br/s?k=rtx+5070+ti,529999
rtx-5070-ti,amazon-br,https://www.amazon.com.br/s?k=rtx+5070+ti,533140
rtx-5070-ti,amazon-br,https://www.amazon.com.br/s?k=rtx+5070+ti,741175
rtx-5070-ti,amazon-br,https://www.amazon.com.br/s?k=rtx+5070+ti,809970
rtx-5070-ti,amazon-br,https://www.amazon.com.br/s?k=rtx+5070+ti,670586
rtx-5070-ti,amazon-br,https://www.amazon.com.br/s?k=rtx+5070+ti,588050
rtx-5070-ti,amazon-br,https://www.amazon.com.br/s?k=rtx+5070+ti,603528
rtx-5070-ti,amazon-br,https://www.amazon.com.br/s?k=rtx+5070+ti,388234
rtx-5070-ti,olx,https://olx.com.br/brasil?q=rtx+5070+ti,899900
rtx-5070-ti,olx,https://olx.com.br/brasil?q=rtx+5070+ti,899900
rtx-5070-ti,olx,https://olx.com.br/brasil?q=rtx+5070+ti,899900
rtx-5070-ti,olx,https://olx.com.br/brasil?q=rtx+5070+ti,729900
rtx-5070-ti,olx,https://olx.com.br/brasil?q=rtx+5070+ti,899000
rtx-5070-ti,olx,https://olx.com.br/brasil?q=rtx+5070+ti,790000
rtx-5070-ti,olx,https://olx.com.br/brasil?q=rtx+5070+ti,779900
rtx-5070-ti,olx,https://olx.com.br/brasil?q=rtx+5070+ti,890000
rtx-5070-ti,olx,https://olx.com.br/brasil?q=rtx+5070+ti,849000
rtx-5070-ti,olx,https://olx.com.br/brasil?q=rtx+5070+ti,899900
rtx-5070-ti,olx,https://olx.com.br/brasil?q=rtx+5070+ti,779900
rtx-5070-ti,olx,https://olx.com.br/brasil?q=rtx+5070+ti,899900
rtx-5070-ti,olx,https://olx.com.br/brasil?q=rtx+5070+ti,899900
rtx-5070-ti,olx,https://olx.com.br/brasil?q=rtx+5070+ti,899900
rtx-5070-ti,olx,https://olx.com.br/brasil?q=rtx+5070+ti,749000
rtx-5070-ti,olx,https://olx.com.br/brasil?q=rtx+5070+ti,899900
rtx-5070-ti,olx,https://olx.com.br/brasil?q=rtx+5070+ti,899900
rtx-5070-ti,olx,https://olx.com.br/brasil?q=rtx+5070+ti,800000
rtx-5070-ti,olx,https://olx.com.br/brasil?q=rtx+5070+ti,830000
rtx-5070-ti,olx,https://olx.com.br/brasil?q=rtx+5070+ti,769900
rtx-5070-ti,olx,https://olx.com.br/brasil?q=rtx+5070+ti,799900
rtx-5070-ti,olx,https://olx.com.br/brasil?q=rtx+5070+ti,870000
rtx-5070-ti,olx,https://olx.com.br/brasil?q=rtx+5070+ti,700000
rtx-5070-ti,olx,https://olx.com.br/brasil?q=rtx+5070+ti,869900
rtx-5070-ti,olx,https://olx.com.br/brasil?q=rtx+5070+ti,720000
rtx-5070-ti,olx,https://olx.com.br/brasil?q=rtx+5070+ti,734900
rtx-5070-ti,olx,https://olx.com.br/brasil?q=rtx+5070+ti,749900
rtx-5070-ti,olx,https://olx.com.br/brasil?q=rtx+5070+ti,899900
rtx-5070-ti,olx,https://olx.com.br/brasil?q=rtx+5070+ti,700000
rtx-5070-ti,olx,https://olx.com.br/brasil?q=rtx+5070+ti,850000
rtx-5070-ti,olx,https://olx.com.br/brasil?q=rtx+5070+ti,899900
rtx-5070-ti,olx,https://olx.com.br/brasil?q=rtx+5070+ti,849900
rtx-5070-ti,olx,https://olx.com.br/brasil?q=rtx+5070+ti,870000
rtx-5070-ti,olx,https://olx.com.br/brasil?q=rtx+5070+ti,759900
rtx-5070-ti,olx,https://olx.com.br/brasil?q=rtx+5070+ti,899900
rtx-5080,kabum,https://www.kabum.com.br/busca/rtx-5080,611100
rtx-5080,kabum,https://www.kabum.com.br/busca/rtx-5080,1189900
rtx-5080,kabum,https://www.kabum.com.br/busca/rtx-5080,811100
rtx-5080,kabum,https://www.kabum.com.br/busca/rtx-5080,1049900
rtx-5080,kabum,https://www.kabum.com.br/busca/rtx-5080,719900
rtx-5080,terabyte,https://www.terabyteshop.com.br/produto/34105/placa-de-video-palit-nvidia-geforce-rtx-5080-gamingpro-oc-16gb-gddr7-dlss-ray-tracing-ne75080s19t2-gb2031a?p=2393290,1099990
rtx-5080,terabyte,https://www.terabyteshop.com.br/produto/34105/placa-de-video-palit-nvidia-geforce-rtx-5080-gamingpro-oc-16gb-gddr7-dlss-ray-tracing-ne75080s19t2-gb2031a?p=2393290,1147989
rtx-5080,amazon-br,https://www.amazon.com.br/s?k=rtx+5080,1149640
rtx-5080,amazon-br,https://www.amazon.com.br/s?k=rtx+5080,1132476
rtx-5080,amazon-br,https://www.amazon.com.br/s?k=rtx+5080,1047058
rtx-5080,amazon-br,https://www.amazon.com.br/s?k=rtx+5080,929900
rtx-5080,amazon-br,https://www.amazon.com.br/s?k=rtx+5080,1012499
rtx-5080,amazon-br,https://www.amazon.com.br/s?k=rtx+5080,1089999
rtx-5080,amazon-br,https://www.amazon.com.br/s?k=rtx+5080,615856
rtx-5080,amazon-br,https://www.amazon.com.br/s?k=rtx+5080,809970
rtx-5080,amazon-br,https://www.amazon.com.br/s?k=rtx+5080,551533
rtx-5080,olx,https://olx.com.br/brasil?q=rtx+5080,1099900
rtx-5080,olx,https://olx.com.br/brasil?q=rtx+5080,1169900
rtx-5080,olx,https://olx.com.br/brasil?q=rtx+5080,1199900
rtx-5080,olx,https://olx.com.br/brasil?q=rtx+5080,1099900
rtx-5080,olx,https://olx.com.br/brasil?q=rtx+5080,1099900
rtx-5080,olx,https://olx.com.br/brasil?q=rtx+5080,1180000
rtx-5080,olx,https://olx.com.br/brasil?q=rtx+5080,1089900
rtx-5080,olx,https://olx.com.br/brasil?q=rtx+5080,1199900
rtx-5080,olx,https://olx.com.br/brasil?q=rtx+5080,1190000
rtx-5080,olx,https://olx.com.br/brasil?q=rtx+5080,1149900
rtx-5080,olx,https://olx.com.br/brasil?q=rtx+5080,1050000
rtx-5080,olx,https://olx.com.br/brasil?q=rtx+5080,1000000
rtx-5080,olx,https://olx.com.br/brasil?q=rtx+5080,1050000
rtx-5080,olx,https://olx.com.br/brasil?q=rtx+5080,1150000
rtx-5080,olx,https://olx.com.br/brasil?q=rtx+5080,1100000
rtx-5080,olx,https://olx.com.br/brasil?q=rtx+5080,1079900
rtx-5080,olx,https://olx.com.br/brasil?q=rtx+5080,1199900
rtx-5080,olx,https://olx.com.br/brasil?q=rtx+5080,1190000
rtx-5080,olx,https://olx.com.br/brasil?q=rtx+5080,1100000
rtx-5080,olx,https://olx.com.br/brasil?q=rtx+5080,1099900
rtx-5080,olx,https://olx.com.br/brasil?q=rtx+5080,1099900
rtx-5080,olx,https://olx.com.br/brasil?q=rtx+5080,1100000
rtx-5080,olx,https://olx.com.br/brasil?q=rtx+5080,900000
rtx-5080,olx,https://olx.com.br/brasil?q=rtx+5080,1000000
rtx-5080,olx,https://olx.com.br/brasil?q=rtx+5080,1199900
rtx-5080,olx,https://olx.com.br/brasil?q=rtx+5080,1049900
rtx-5090,kabum,https://www.kabum.com.br/busca/rtx-5090,1599900
rtx-5090,kabum,https://www.kabum.com.br/busca/rtx-5090,1299900
rtx-5090,kabum,https://www.kabum.com.br/busca/rtx-5090,1599900
rtx-5090,kabum,https://www.kabum.com.br/busca/rtx-5090,1439900
rtx-5090,kabum,https://www.kabum.com.br/busca/rtx-5090,1299900
rtx-5090,kabum,https://www.kabum.com.br/busca/rtx-5090,1189900
rtx-5090,kabum,https://www.kabum.com.br/busca/rtx-5090,4318400
rtx-5090,kabum,https://www.kabum.com.br/busca/rtx-5090,1399900
rtx-5090,kabum,https://www.kabum.com.br/busca/rtx-5090,1279900
rtx-5090,kabum,https://www.kabum.com.br/busca/rtx-5090,811100
rtx-5090,kabum,https://www.kabum.com.br/busca/rtx-5090,3529400
rtx-5090,kabum,https://www.kabum.com.br/busca/rtx-5090,3111100
rtx-5090,kabum,https://www.kabum.com.br/busca/rtx-5090,3546900
rtx-5090,kabum,https://www.kabum.com.br/busca/rtx-5090,3309400
rtx-5090,kabum,https://www.kabum.com.br/busca/rtx-5090,1049900
rtx-5090,kabum,https://www.kabum.com.br/busca/rtx-5090,1944900
rtx-5090,kabum,https://www.kabum.com.br/busca/rtx-5090,1944900
rtx-5090,terabyte,https://www.terabyteshop.com.br/busca?str=rtx+5090,3999999
rtx-5090,terabyte,https://www.terabyteshop.com.br/produto/35284/placa-de-video-asus-tuf-gaming-nvidia-geforce-rtx-5090-oc-32gb-gddr7-dlss-ray-tracing-tuf-rtx5090-o32g-gaming,4000000
rtx-5090,terabyte,https://www.terabyteshop.com.br/produto/35284/placa-de-video-asus-tuf-gaming-nvidia-geforce-rtx-5090-oc-32gb-gddr7-dlss-ray-tracing-tuf-rtx5090-o32g-gaming,4002998
rtx-5090,terabyte,https://www.terabyteshop.com.br/produto/34905/placa-de-video-gigabyte-nvidia-geforce-rtx-5090-aorus-master-ice-32gb-gddr7-dlss-ray-tracing-gv-n5090aorusm-ice-32gd,3699990
rtx-5090,terabyte,https://www.terabyteshop.com.br/produto/34905/placa-de-video-gigabyte-nvidia-geforce-rtx-5090-aorus-master-ice-32gb-gddr7-dlss-ray-tracing-gv-n5090aorusm-ice-32gd,3703989
rtx-5090,amazon-br,https://www.amazon.com.br/s?k=rtx+5090,3499990
rtx-5090,amazon-br,https://www.amazon.com.br/s?k=rtx+5090,2361464
rtx-5090,amazon-br,https://www.amazon.com.br/s?k=rtx+5090,1329999
rtx-5090,amazon-br,https://www.amazon.com.br/s?k=rtx+5090,1452900
rtx-5090,amazon-br,https://www.amazon.com.br/s?k=rtx+5090,1736119
rtx-5090,amazon-br,https://www.amazon.com.br/s?k=rtx+5090,2008527
rtx-5090,amazon-br,https://www.amazon.com.br/s?k=rtx+5090,1647058
rtx-5090,amazon-br,https://www.amazon.com.br/s?k=rtx+5090,1974677
rtx-5090,amazon-br,https://www.amazon.com.br/s?k=rtx+5090,929900
rtx-5090,amazon-br,https://www.amazon.com.br/s?k=rtx+5090,1723700
rtx-5090,amazon-br,https://www.amazon.com.br/s?k=rtx+5090,2195270
rtx-5090,amazon-br,https://www.amazon.com.br/s?k=rtx+5090,1132476
rtx-5090,amazon-br,https://www.amazon.com.br/s?k=rtx+5090,1293690
rtx-5090,amazon-br,https://www.amazon.com.br/s?k=rtx+5090,1973859
rtx-5090,amazon-br,https://www.amazon.com.br/s?k=rtx+5090,1089999
rtx-5090,amazon-br,https://www.amazon.com.br/s?k=rtx+5090,1926835
rtx-5090,amazon-br,https://www.amazon.com.br/s?k=rtx+5090,1918498
rtx-5090,amazon-br,https://www.amazon.com.br/s?k=rtx+5090,1841051
rtx-5090,amazon-br,https://www.amazon.com.br/s?k=rtx+5090,1618400
rtx-5090,amazon-br,https://www.amazon.com.br/s?k=rtx+5090,1682500
rtx-5090,amazon-br,https://www.amazon.com.br/s?k=rtx+5090,1603499
rtx-5090,amazon-br,https://www.amazon.com.br/s?k=rtx+5090,809970
rtx-5090,amazon-br,https://www.amazon.com.br/s?k=rtx+5090,1622900
rtx-5090,amazon-br,https://www.amazon.com.br/s?k=rtx+5090,800000
rtx-5090,amazon-br,https://www.amazon.com.br/s?k=rtx+5090,800000
rtx-5090,amazon-br,https://www.amazon.com.br/s?k=rtx+5090,1650000
rtx-5090,amazon-br,https://www.amazon.com.br/s?k=rtx+5090,1650000
rtx-5090,amazon-br,https://www.amazon.com.br/s?k=rtx+5090,2400000
rtx-5090,amazon-br,https://www.amazon.com.br/s?k=rtx+5090,2400000
rtx-5090,olx,https://olx.com.br/brasil?q=rtx+5090,2600000
rtx-5090,olx,https://olx.com.br/brasil?q=rtx+5090,2799900
rtx-5090,olx,https://olx.com.br/brasil?q=rtx+5090,2700000
rtx-5090,olx,https://olx.com.br/brasil?q=rtx+5090,3499000
rtx-5090,olx,https://olx.com.br/brasil?q=rtx+5090,3990000
rtx-5090,olx,https://olx.com.br/brasil?q=rtx+5090,3499900
rtx-5090,olx,https://olx.com.br/brasil?q=rtx+5090,4000000
rtx-5090,olx,https://olx.com.br/brasil?q=rtx+5090,3100000
rtx-5090,olx,https://olx.com.br/brasil?q=rtx+5090,3299900
rtx-5090,olx,https://olx.com.br/brasil?q=rtx+5090,3300000
rtx-5090,olx,https://olx.com.br/brasil?q=rtx+5090,3990000
rtx-5090,olx,https://olx.com.br/brasil?q=rtx+5090,2500000
rtx-5090,olx,https://olx.com.br/brasil?q=rtx+5090,3200000
rtx-5090,olx,https://olx.com.br/brasil?q=rtx+5090,2899900
rtx-5090,olx,https://olx.com.br/brasil?q=rtx+5090,3399000
rtx-5090,olx,https://olx.com.br/brasil?q=rtx+5090,3490000
rtx-5090,olx,https://olx.com.br/brasil?q=rtx+5090,2999900
rtx-5090,olx,https://olx.com.br/brasil?q=rtx+5090,3199900
rtx-5090,olx,https://olx.com.br/brasil?q=rtx+5090,2999900
rtx-5090,olx,https://olx.com.br/brasil?q=rtx+5090,4200000
rtx-5090,olx,https://olx.com.br/brasil?q=rtx+5090,2500000
rtx-5090,olx,https://olx.com.br/brasil?q=rtx+5090,1700000
rtx-5090,olx,https://olx.com.br/brasil?q=rtx+5090,2899900
rtx-5090,olx,https://olx.com.br/brasil?q=rtx+5090,2899900
rtx-5090,olx,https://olx.com.br/brasil?q=rtx+5090,2899900
rtx-5090,olx,https://olx.com.br/brasil?q=rtx+5090,2899900
rtx-5090,olx,https://olx.com.br/brasil?q=rtx+5090,3499000
rtx-5090,olx,https://olx.com.br/brasil?q=rtx+5090,2890000
rtx-5090,olx,https://olx.com.br/brasil?q=rtx+5090,2999900
rtx-5090,olx,https://olx.com.br/brasil?q=rtx+5090,2999900
rtx-5090,olx,https://olx.com.br/brasil?q=rtx+5090,3000000
rtx-5090,olx,https://olx.com.br/brasil?q=rtx+5090,2890000
rtx-5090,olx,https://olx.com.br/brasil?q=rtx+5090,4500000
rtx-5090,olx,https://olx.com.br/brasil?q=rtx+5090,2695000
rtx-5090,olx,https://olx.com.br/brasil?q=rtx+5090,2750000
rtx-5090,olx,https://olx.com.br/brasil?q=rtx+5090,2599900
rtx-5090,olx,https://olx.com.br/brasil?q=rtx+5090,3099900
rtx-5090,olx,https://olx.com.br/brasil?q=rtx+5090,4499900
rtx-5090,olx,https://olx.com.br/brasil?q=rtx+5090,2999000
rtx-5090,olx,https://olx.com.br/brasil?q=rtx+5090,3299000
rtx-5090,olx,https://olx.com.br/brasil?q=rtx+5090,3800000
rtx-5090,olx,https://olx.com.br/brasil?q=rtx+5090,3149000
rtx-5090,olx,https://olx.com.br/brasil?q=rtx+5090,3150000
rtx-5090,olx,https://olx.com.br/brasil?q=rtx+5090,2985000
rtx-5090,olx,https://olx.com.br/brasil?q=rtx+5090,3199900
rtx-5090,olx,https://olx.com.br/brasil?q=rtx+5090,3199900
ddr5-16gb,kabum,https://www.kabum.com.br/busca/memoria-ddr5-16gb,159800
ddr5-16gb,kabum,https://www.kabum.com.br/busca/memoria-ddr5-16gb,159800
ddr5-16gb,kabum,https://www.kabum.com.br/busca/memoria-ddr5-16gb,73900
ddr5-16gb,kabum,https://www.kabum.com.br/busca/memoria-ddr5-16gb,83900
ddr5-16gb,kabum,https://www.kabum.com.br/busca/memoria-ddr5-16gb,148900
ddr5-16gb,terabyte,https://www.terabyteshop.com.br/busca?str=memoria+ddr5+16gb,188234
ddr5-16gb,terabyte,https://www.terabyteshop.com.br/busca?str=memoria+ddr5+16gb,199988
ddr5-16gb,terabyte,https://www.terabyteshop.com.br/produto/39839/memoria-ddr5-pcyes-16gb-5600mhz-preto-pm165600d5b,149999
ddr5-16gb,pichau,https://www.pichau.com.br/search?q=memoria+ddr5+16gb,73900
ddr5-16gb,pichau,https://www.pichau.com.br/search?q=memoria+ddr5+16gb,89900
ddr5-16gb,pichau,https://www.pichau.com.br/hardware/memorias,22300
ddr5-16gb,pichau,https://www.pichau.com.br/hardware/memorias,19900
ddr5-16gb,pichau,https://www.pichau.com.br/hardware/memorias,73900
ddr5-16gb,pichau,https://www.pichau.com.br/hardware/memorias,23500
ddr5-16gb,pichau,https://www.pichau.com.br/hardware/memorias,23500
ddr5-16gb,pichau,https://www.pichau.com.br/hardware/memorias,73900
ddr5-16gb,pichau,https://www.pichau.com.br/hardware/memorias,68900
ddr5-16gb,pichau,https://www.pichau.com.br/hardware/memorias,89900
ddr5-16gb,pichau,https://www.pichau.com.br/hardware/memorias,82300
ddr5-16gb,pichau,https://www.pichau.com.br/hardware/memorias,68900
ddr5-16gb,pichau,https://www.pichau.com.br/hardware/memorias,34100
ddr5-16gb,pichau,https://www.pichau.com.br/hardware/memorias,93900
ddr5-16gb,amazon-br,https://www.amazon.com.br/s?k=memoria+ddr5+16gb,143573
ddr5-16gb,amazon-br,https://www.amazon.com.br/s?k=memoria+ddr5+16gb,143573
ddr5-16gb,amazon-br,https://www.amazon.com.br/s?k=memoria+ddr5+16gb,199500
ddr5-16gb,amazon-br,https://www.amazon.com.br/s?k=memoria+ddr5+16gb,180499
ddr5-16gb,amazon-br,https://www.amazon.com.br/s?k=memoria+ddr5+16gb,176225
ddr5-16gb,amazon-br,https://www.amazon.com.br/s?k=memoria+ddr5+16gb,196650
ddr5-16gb,amazon-br,https://www.amazon.com.br/s?k=memoria+ddr5+16gb,175655
ddr5-16gb,amazon-br,https://www.amazon.com.br/s?k=memoria+ddr5+16gb,163010
ddr5-16gb,amazon-br,https://www.amazon.com.br/s?k=memoria+ddr5+16gb,173764
ddr5-16gb,amazon-br,https://www.amazon.com.br/s?k=memoria+ddr5+16gb,160455
ddr5-16gb,amazon-br,https://www.amazon.com.br/s?k=memoria+ddr5+16gb,149999
ddr5-16gb,amazon-br,https://www.amazon.com.br/s?k=memoria+ddr5+16gb,186105
ddr5-16gb,amazon-br,https://www.amazon.com.br/s?k=memoria+ddr5+16gb,199317
ddr5-16gb,amazon-br,https://www.amazon.com.br/s?k=memoria+ddr5+16gb,185155
ddr5-16gb,amazon-br,https://www.amazon.com.br/s?k=memoria+ddr5+16gb,165623
ddr5-16gb,amazon-br,https://www.amazon.com.br/s?k=memoria+ddr5+16gb,170999
ddr5-16gb,amazon-br,https://www.amazon.com.br/s?k=memoria+ddr5+16gb,178710
ddr5-16gb,amazon-br,https://www.amazon.com.br/s?k=memoria+ddr5+16gb,145824
ddr5-16gb,amazon-br,https://www.amazon.com.br/s?k=memoria+ddr5+16gb,190000
ddr5-16gb,amazon-br,https://www.amazon.com.br/s?k=memoria+ddr5+16gb,195700
ddr5-16gb,amazon-br,https://www.amazon.com.br/s?k=memoria+ddr5+16gb,107577
ddr5-16gb,amazon-br,https://www.amazon.com.br/s?k=memoria+ddr5+16gb,17947
ddr5-16gb,amazon-br,https://www.amazon.com.br/s?k=memoria+ddr5+16gb,165272
ddr5-16gb,olx,https://olx.com.br/brasil?q=memoria+ddr5+16gb,155000
ddr5-16gb,olx,https://olx.com.br/brasil?q=memoria+ddr5+16gb,155000
ddr5-16gb,olx,https://olx.com.br/brasil?q=memoria+ddr5+16gb,155000
ddr5-16gb,olx,https://olx.com.br/brasil?q=memoria+ddr5+16gb,110000
ddr5-16gb,olx,https://olx.com.br/brasil?q=memoria+ddr5+16gb,125000
ddr5-16gb,olx,https://olx.com.br/brasil?q=memoria+ddr5+16gb,140000
ddr5-16gb,olx,https://olx.com.br/brasil?q=memoria+ddr5+16gb,140000
ddr5-16gb,olx,https://olx.com.br/brasil?q=memoria+ddr5+16gb,120000
ddr5-16gb,olx,https://olx.com.br/brasil?q=memoria+ddr5+16gb,125000
ddr5-16gb,olx,https://olx.com.br/brasil?q=memoria+ddr5+16gb,90000
ddr5-16gb,olx,https://olx.com.br/brasil?q=memoria+ddr5+16gb,110000
ddr5-16gb,olx,https://olx.com.br/brasil?q=memoria+ddr5+16gb,100000
ddr5-16gb,olx,https://olx.com.br/brasil?q=memoria+ddr5+16gb,139900
ddr5-16gb,olx,https://olx.com.br/brasil?q=memoria+ddr5+16gb,98000
ddr5-16gb,olx,https://olx.com.br/brasil?q=memoria+ddr5+16gb,110000
ddr5-16gb,olx,https://olx.com.br/brasil?q=memoria+ddr5+16gb,180000
ddr5-16gb,olx,https://olx.com.br/brasil?q=memoria+ddr5+16gb,95000
ddr5-16gb,olx,https://olx.com.br/brasil?q=memoria+ddr5+16gb,150000
ddr5-16gb,olx,https://olx.com.br/brasil?q=memoria+ddr5+16gb,134900
ddr5-16gb,olx,https://olx.com.br/brasil?q=memoria+ddr5+16gb,110000
ddr5-16gb,olx,https://olx.com.br/brasil?q=memoria+ddr5+16gb,160000
ddr5-16gb,olx,https://olx.com.br/brasil?q=memoria+ddr5+16gb,199900
ddr5-16gb,olx,https://olx.com.br/brasil?q=memoria+ddr5+16gb,150000
ddr5-16gb,olx,https://olx.com.br/brasil?q=memoria+ddr5+16gb,165000
ddr5-16gb,olx,https://olx.com.br/brasil?q=memoria+ddr5+16gb,110000
ddr5-16gb,olx,https://olx.com.br/brasil?q=memoria+ddr5+16gb,120000
ddr5-16gb,olx,https://olx.com.br/brasil?q=memoria+ddr5+16gb,179000
ddr5-16gb,olx,https://olx.com.br/brasil?q=memoria+ddr5+16gb,130000
ddr5-16gb,olx,https://olx.com.br/brasil?q=memoria+ddr5+16gb,95000
ddr5-16gb,olx,https://olx.com.br/brasil?q=memoria+ddr5+16gb,129000
ddr5-16gb,olx,https://olx.com.br/brasil?q=memoria+ddr5+16gb,185000
ddr5-16gb,olx,https://olx.com.br/brasil?q=memoria+ddr5+16gb,200000
ddr5-16gb,olx,https://olx.com.br/brasil?q=memoria+ddr5+16gb,75000
ddr5-16gb,olx,https://olx.com.br/brasil?q=memoria+ddr5+16gb,110000
ddr5-16gb,olx,https://olx.com.br/brasil?q=memoria+ddr5+16gb,114000
ddr5-16gb,olx,https://olx.com.br/brasil?q=memoria+ddr5+16gb,119700
ddr5-16gb,olx,https://olx.com.br/brasil?q=memoria+ddr5+16gb,120000
ddr5-16gb,olx,https://olx.com.br/brasil?q=memoria+ddr5+16gb,110000
ddr5-16gb,olx,https://olx.com.br/brasil?q=memoria+ddr5+16gb,120000
ddr5-16gb,olx,https://olx.com.br/brasil?q=memoria+ddr5+16gb,130000
ddr5-16gb,olx,https://olx.com.br/brasil?q=memoria+ddr5+16gb,140000
ddr5-16gb,olx,https://olx.com.br/brasil?q=memoria+ddr5+16gb,78000
ddr5-16gb,olx,https://olx.com.br/brasil?q=memoria+ddr5+16gb,200000
ddr5-16gb,olx,https://olx.com.br/brasil?q=memoria+ddr5+16gb,155000
ddr5-16gb,olx,https://olx.com.br/brasil?q=memoria+ddr5+16gb,155000
ddr5-16gb,olx,https://olx.com.br/brasil?q=memoria+ddr5+16gb,160000
ddr5-16gb,olx,https://olx.com.br/brasil?q=memoria+ddr5+16gb,160000
ddr5-16gb,olx,https://olx.com.br/brasil?q=memoria+ddr5+16gb,190000
ddr5-16gb,olx,https://olx.com.br/brasil?q=memoria+ddr5+16gb,150000
ddr5-16gb,olx,https://olx.com.br/brasil?q=memoria+ddr5+16gb,155000
ddr5-16gb,olx,https://olx.com.br/brasil?q=memoria+ddr5+16gb,154000
ddr5-16gb,olx,https://olx.com.br/brasil?q=memoria+ddr5+16gb,160000
ddr5-16gb,olx,https://olx.com.br/brasil?q=memoria+ddr5+16gb,100000
ddr5-16gb,olx,https://olx.com.br/brasil?q=memoria+ddr5+16gb,135800
ddr5-16gb,olx,https://olx.com.br/brasil?q=memoria+ddr5+16gb,140000
ddr5-16gb,olx,https://olx.com.br/brasil?q=memoria+ddr5+16gb,179900
ddr5-16gb,olx,https://olx.com.br/brasil?q=memoria+ddr5+16gb,199900
ddr5-32gb,kabum,https://www.kabum.com.br/busca/memoria-ddr5-32gb,247900
ddr5-32gb,kabum,https://www.kabum.com.br/busca/memoria-ddr5-32gb,247900
ddr5-32gb,kabum,https://www.kabum.com.br/busca/memoria-ddr5-32gb,319900
ddr5-32gb,kabum,https://www.kabum.com.br/busca/memoria-ddr5-32gb,359900
ddr5-32gb,kabum,https://www.kabum.com.br/busca/memoria-ddr5-32gb,229900
ddr5-32gb,kabum,https://www.kabum.com.br/busca/memoria-ddr5-32gb,239900
ddr5-32gb,kabum,https://www.kabum.com.br/busca/memoria-ddr5-32gb,239900
ddr5-32gb,kabum,https://www.kabum.com.br/busca/memoria-ddr5-32gb,239900
ddr5-32gb,kabum,https://www.kabum.com.br/busca/memoria-ddr5-32gb,357800
ddr5-32gb,terabyte,https://www.terabyteshop.com.br/busca?str=memoria+ddr5+32gb,322352
ddr5-32gb,terabyte,https://www.terabyteshop.com.br/busca?str=memoria+ddr5+32gb,376469
ddr5-32gb,terabyte,https://www.terabyteshop.com.br/produto/22464/memoria-ddr5-gskill-trident-z5-rgb-32gb-2x16gb-5200mhz-black-f5-5200j4040a16gx2-tz5rk,162095
ddr5-32gb,terabyte,https://www.terabyteshop.com.br/produto/22464/memoria-ddr5-gskill-trident-z5-rgb-32gb-2x16gb-5200mhz-black-f5-5200j4040a16gx2-tz5rk,166094
ddr5-32gb,terabyte,https://www.terabyteshop.com.br/produto/22469/memoria-ddr5-gskill-trident-z5-rgb-32gb-2x16gb-5600mhz-black-f5-5600j4040c16gx2-tz5rk,192540
ddr5-32gb,terabyte,https://www.terabyteshop.com.br/produto/22469/memoria-ddr5-gskill-trident-z5-rgb-32gb-2x16gb-5600mhz-black-f5-5600j4040c16gx2-tz5rk,195039
ddr5-32gb,terabyte,https://www.terabyteshop.com.br/produto/22370/memoria-ddr5-corsair-vengeance-32gb-5200mhz-black-cmk32gx5m1b5200c40,61169
ddr5-32gb,terabyte,https://www.terabyteshop.com.br/produto/22370/memoria-ddr5-corsair-vengeance-32gb-5200mhz-black-cmk32gx5m1b5200c40,62968
ddr5-32gb,pichau,https://www.pichau.com.br/search?q=memoria+ddr5+32gb,89900
ddr5-32gb,pichau,https://www.pichau.com.br/hardware/memorias,68900
ddr5-32gb,pichau,https://www.pichau.com.br/hardware/memorias,89900
ddr5-32gb,pichau,https://www.pichau.com.br/hardware/memorias,82300
ddr5-32gb,pichau,https://www.pichau.com.br/hardware/memorias,68900
ddr5-32gb,pichau,https://www.pichau.com.br/hardware/memorias,34100
ddr5-32gb,amazon-br,https://www.amazon.com.br/s?k=memoria+ddr5+32gb,285789
ddr5-32gb,amazon-br,https://www.amazon.com.br/s?k=memoria+ddr5+32gb,372390
ddr5-32gb,amazon-br,https://www.amazon.com.br/s?k=memoria+ddr5+32gb,396150
ddr5-32gb,amazon-br,https://www.amazon.com.br/s?k=memoria+ddr5+32gb,397195
ddr5-32gb,amazon-br,https://www.amazon.com.br/s?k=memoria+ddr5+32gb,357960
ddr5-32gb,amazon-br,https://www.amazon.com.br/s?k=memoria+ddr5+32gb,303990
ddr5-32gb,amazon-br,https://www.amazon.com.br/s?k=memoria+ddr5+32gb,379999
ddr5-32gb,amazon-br,https://www.amazon.com.br/s?k=memoria+ddr5+32gb,349505
ddr5-32gb,amazon-br,https://www.amazon.com.br/s?k=memoria+ddr5+32gb,351868
ddr5-32gb,amazon-br,https://www.amazon.com.br/s?k=memoria+ddr5+32gb,359575
ddr5-32gb,amazon-br,https://www.amazon.com.br/s?k=memoria+ddr5+32gb,293760
ddr5-32gb,amazon-br,https://www.amazon.com.br/s?k=memoria+ddr5+32gb,379905
ddr5-32gb,amazon-br,https://www.amazon.com.br/s?k=memoria+ddr5+32gb,311920
ddr5-32gb,amazon-br,https://www.amazon.com.br/s?k=memoria+ddr5+32gb,389405
ddr5-32gb,amazon-br,https://www.amazon.com.br/s?k=memoria+ddr5+32gb,262264
ddr5-32gb,amazon-br,https://www.amazon.com.br/s?k=memoria+ddr5+32gb,388930
ddr5-32gb,amazon-br,https://www.amazon.com.br/s?k=memoria+ddr5+32gb,360000
ddr5-32gb,amazon-br,https://www.amazon.com.br/s?k=memoria+ddr5+32gb,360000
ddr5-32gb,olx,https://olx.com.br/brasil?q=memoria+ddr5+32gb,179900
ddr5-32gb,olx,https://olx.com.br/brasil?q=memoria+ddr5+32gb,374900
ddr5-32gb,olx,https://olx.com.br/brasil?q=memoria+ddr5+32gb,280000
ddr5-32gb,olx,https://olx.com.br/brasil?q=memoria+ddr5+32gb,300000
ddr5-32gb,olx,https://olx.com.br/brasil?q=memoria+ddr5+32gb,259900
ddr5-32gb,olx,https://olx.com.br/brasil?q=memoria+ddr5+32gb,350000
ddr5-32gb,olx,https://olx.com.br/brasil?q=memoria+ddr5+32gb,320000
ddr5-32gb,olx,https://olx.com.br/brasil?q=memoria+ddr5+32gb,350000
ddr5-32gb,olx,https://olx.com.br/brasil?q=memoria+ddr5+32gb,339900
ddr5-32gb,olx,https://olx.com.br/brasil?q=memoria+ddr5+32gb,349900
ddr5-32gb,olx,https://olx.com.br/brasil?q=memoria+ddr5+32gb,200000
ddr5-32gb,olx,https://olx.com.br/brasil?q=memoria+ddr5+32gb,400000
ddr5-32gb,olx,https://olx.com.br/brasil?q=memoria+ddr5+32gb,230000
ddr5-32gb,olx,https://olx.com.br/brasil?q=memoria+ddr5+32gb,220000
ddr5-32gb,olx,https://olx.com.br/brasil?q=memoria+ddr5+32gb,250000
ddr5-32gb,olx,https://olx.com.br/brasil?q=memoria+ddr5+32gb,339900
ddr5-32gb,olx,https://olx.com.br/brasil?q=memoria+ddr5+32gb,389900
ddr5-32gb,olx,https://olx.com.br/brasil?q=memoria+ddr5+32gb,390000
ddr5-32gb,olx,https://olx.com.br/brasil?q=memoria+ddr5+32gb,240000
ddr5-32gb,olx,https://olx.com.br/brasil?q=memoria+ddr5+32gb,180000
ddr5-32gb,olx,https://olx.com.br/brasil?q=memoria+ddr5+32gb,344900
ddr5-32gb,olx,https://olx.com.br/brasil?q=memoria+ddr5+32gb,329900
ddr5-32gb,olx,https://olx.com.br/brasil?q=memoria+ddr5+32gb,349900
ddr5-32gb,olx,https://olx.com.br/brasil?q=memoria+ddr5+32gb,350000
ddr5-32gb,olx,https://olx.com.br/brasil?q=memoria+ddr5+32gb,220000
ddr5-32gb,olx,https://olx.com.br/brasil?q=memoria+ddr5+32gb,230000
ddr5-32gb,olx,https://olx.com.br/brasil?q=memoria+ddr5+32gb,349900
ddr5-32gb,olx,https://olx.com.br/brasil?q=memoria+ddr5+32gb,260000
ddr5-32gb,olx,https://olx.com.br/brasil?q=memoria+ddr5+32gb,269900
ddr5-32gb,olx,https://olx.com.br/brasil?q=memoria+ddr5+32gb,270000
ddr5-32gb,olx,https://olx.com.br/brasil?q=memoria+ddr5+32gb,379900
ddr5-32gb,olx,https://olx.com.br/brasil?q=memoria+ddr5+32gb,399900
ddr5-32gb,olx,https://olx.com.br/brasil?q=memoria+ddr5+32gb,280000
ddr5-32gb,olx,https://olx.com.br/brasil?q=memoria+ddr5+32gb,130000
ddr5-32gb,olx,https://olx.com.br/brasil?q=memoria+ddr5+32gb,260000
ddr5-32gb,olx,https://olx.com.br/brasil?q=memoria+ddr5+32gb,300000
ddr5-32gb,olx,https://olx.com.br/brasil?q=memoria+ddr5+32gb,228000
ddr5-32gb,olx,https://olx.com.br/brasil?q=memoria+ddr5+32gb,260000
ddr5-32gb,olx,https://olx.com.br/brasil?q=memoria+ddr5+32gb,360000
ddr5-32gb,olx,https://olx.com.br/brasil?q=memoria+ddr5+32gb,260000
ddr5-32gb,olx,https://olx.com.br/brasil?q=memoria+ddr5+32gb,270000
ddr5-32gb,olx,https://olx.com.br/brasil?q=memoria+ddr5+32gb,220000
ddr5-32gb,olx,https://olx.com.br/brasil?q=memoria+ddr5+32gb,285000
ddr5-32gb,olx,https://olx.com.br/brasil?q=memoria+ddr5+32gb,290000
ddr5-32gb,olx,https://olx.com.br/brasil?q=memoria+ddr5+32gb,179900
ddr5-32gb,olx,https://olx.com.br/brasil?q=memoria+ddr5+32gb,185000
ddr5-32gb,olx,https://olx.com.br/brasil?q=memoria+ddr5+32gb,204900
ddr5-32gb,olx,https://olx.com.br/brasil?q=memoria+ddr5+32gb,215000
ddr5-32gb,olx,https://olx.com.br/brasil?q=memoria+ddr5+32gb,400000
ddr5-32gb,olx,https://olx.com.br/brasil?q=memoria+ddr5+32gb,339900
ddr5-32gb,olx,https://olx.com.br/brasil?q=memoria+ddr5+32gb,299900
ddr5-32gb,olx,https://olx.com.br/brasil?q=memoria+ddr5+32gb,320000
ddr5-32gb,olx,https://olx.com.br/brasil?q=memoria+ddr5+32gb,299900
ddr5-32gb,olx,https://olx.com.br/brasil?q=memoria+ddr5+32gb,200000
ddr5-32gb,olx,https://olx.com.br/brasil?q=memoria+ddr5+32gb,240000
ddr5-32gb,olx,https://olx.com.br/brasil?q=memoria+ddr5+32gb,170000
ddr5-32gb,olx,https://olx.com.br/brasil?q=memoria+ddr5+32gb,199900
ddr5-64gb,kabum,https://www.kabum.com.br/busca/memoria-ddr5-64gb,94900
ddr5-64gb,kabum,https://www.kabum.com.br/busca/memoria-ddr5-64gb,299900
ddr5-64gb,kabum,https://www.kabum.com.br/busca/memoria-ddr5-64gb,94900
ddr5-64gb,kabum,https://www.kabum.com.br/busca/memoria-ddr5-64gb,299900
ddr5-64gb,kabum,https://www.kabum.com.br/busca/memoria-ddr5-64gb,646900
ddr5-64gb,kabum,https://www.kabum.com.br/busca/memoria-ddr5-64gb,99900
ddr5-64gb,kabum,https://www.kabum.com.br/busca/memoria-ddr5-64gb,289900
ddr5-64gb,kabum,https://www.kabum.com.br/busca/memoria-ddr5-64gb,82900
ddr5-64gb,kabum,https://www.kabum.com.br/busca/memoria-ddr5-64gb,159900
ddr5-64gb,kabum,https://www.kabum.com.br/busca/memoria-ddr5-64gb,209900
ddr5-64gb,kabum,https://www.kabum.com.br/busca/memoria-ddr5-64gb,99900
ddr5-64gb,kabum,https://www.kabum.com.br/busca/memoria-ddr5-64gb,488300
ddr5-64gb,terabyte,https://www.terabyteshop.com.br/produto/19452/memoria-ddr5-geil-polaris-64gb-2x32gb-4800mhz-white-gosw564gb4800c40dc,402450
ddr5-64gb,terabyte,https://www.terabyteshop.com.br/produto/19452/memoria-ddr5-geil-polaris-64gb-2x32gb-4800mhz-white-gosw564gb4800c40dc,406449
ddr5-64gb,terabyte,https://www.terabyteshop.com.br/produto/30084/memoria-ddr5-corsair-vengeance-rgb-64gb-2x32gb-5200mhz-preto-cmh64gx5m2b5200c40,169999
ddr5-64gb,terabyte,https://www.terabyteshop.com.br/produto/30084/memoria-ddr5-corsair-vengeance-rgb-64gb-2x32gb-5200mhz-preto-cmh64gx5m2b5200c40,174798
ddr5-64gb,terabyte,https://www.terabyteshop.com.br/produto/37148/memoria-ddr5-corsair-vengeance-rgb-64gb-2x32gb-6000mhz-preto-cmh64gx5m2b6000c40,157249
ddr5-64gb,terabyte,https://www.terabyteshop.com.br/produto/38132/memoria-ddr5-kingston-fury-renegade-rgb-64gb-2x32gb-6400mhz-white-kf564c32rwak2-64,206665
ddr5-64gb,pichau,https://www.pichau.com.br/search?q=memoria+ddr5+64gb,41700
ddr5-64gb,pichau,https://www.pichau.com.br/search?q=memoria+ddr5+64gb,89900
ddr5-64gb,amazon-br,https://www.amazon.com.br/s?k=memoria+ddr5+64gb,712490
ddr5-64gb,amazon-br,https://www.amazon.com.br/s?k=memoria+ddr5+64gb,665665
ddr5-64gb,amazon-br,https://www.amazon.com.br/s?k=memoria+ddr5+64gb,683591
ddr5-64gb,amazon-br,https://www.amazon.com.br/s?k=memoria+ddr5+64gb,591241
ddr5-64gb,amazon-br,https://www.amazon.com.br/s?k=memoria+ddr5+64gb,143573
ddr5-64gb,amazon-br,https://www.amazon.com.br/s?k=memoria+ddr5+64gb,576890
ddr5-64gb,amazon-br,https://www.amazon.com.br/s?k=memoria+ddr5+64gb,411665
ddr5-64gb,amazon-br,https://www.amazon.com.br/s?k=memoria+ddr5+64gb,285789
ddr5-64gb,amazon-br,https://www.amazon.com.br/s?k=memoria+ddr5+64gb,143573
ddr5-64gb,amazon-br,https://www.amazon.com.br/s?k=memoria+ddr5+64gb,372390
ddr5-64gb,amazon-br,https://www.amazon.com.br/s?k=memoria+ddr5+64gb,475665
ddr5-64gb,amazon-br,https://www.amazon.com.br/s?k=memoria+ddr5+64gb,648204
ddr5-64gb,amazon-br,https://www.amazon.com.br/s?k=memoria+ddr5+64gb,262264
ddr5-64gb,amazon-br,https://www.amazon.com.br/s?k=memoria+ddr5+64gb,392767
ddr5-64gb,amazon-br,https://www.amazon.com.br/s?k=memoria+ddr5+64gb,396150
ddr5-64gb,amazon-br,https://www.amazon.com.br/s?k=memoria+ddr5+64gb,581175
ddr5-64gb,amazon-br,https://www.amazon.com.br/s?k=memoria+ddr5+64gb,557212
ddr5-64gb,amazon-br,https://www.amazon.com.br/s?k=memoria+ddr5+64gb,94905
ddr5-64gb,amazon-br,https://www.amazon.com.br/s?k=memoria+ddr5+64gb,165272
ddr5-64gb,amazon-br,https://www.amazon.com.br/s?k=memoria+ddr5+64gb,377814
ddr5-64gb,amazon-br,https://www.amazon.com.br/s?k=memoria+ddr5+64gb,307393
ddr5-64gb,amazon-br,https://www.amazon.com.br/s?k=memoria+ddr5+64gb,658584
ddr5-64gb,amazon-br,https://www.amazon.com.br/s?k=memoria+ddr5+64gb,329304
ddr5-64gb,amazon-br,https://www.amazon.com.br/s?k=memoria+ddr5+64gb,564504
ddr5-64gb,amazon-br,https://www.amazon.com.br/s?k=memoria+ddr5+64gb,720967
ddr5-64gb,amazon-br,https://www.amazon.com.br/s?k=memoria+ddr5+64gb,390000
ddr5-64gb,amazon-br,https://www.amazon.com.br/s?k=memoria+ddr5+64gb,390000
ddr5-64gb,amazon-br,https://www.amazon.com.br/s?k=memoria+ddr5+64gb,550000
ddr5-64gb,amazon-br,https://www.amazon.com.br/s?k=memoria+ddr5+64gb,550000
ddr5-64gb,olx,https://olx.com.br/brasil?q=memoria+ddr5+64gb,699900
ddr5-64gb,olx,https://olx.com.br/brasil?q=memoria+ddr5+64gb,650000
ddr5-64gb,olx,https://olx.com.br/brasil?q=memoria+ddr5+64gb,789900
ddr5-64gb,olx,https://olx.com.br/brasil?q=memoria+ddr5+64gb,749900
ddr5-64gb,olx,https://olx.com.br/brasil?q=memoria+ddr5+64gb,799900
ddr5-64gb,olx,https://olx.com.br/brasil?q=memoria+ddr5+64gb,499900
ddr5-64gb,olx,https://olx.com.br/brasil?q=memoria+ddr5+64gb,520000
ddr5-64gb,olx,https://olx.com.br/brasil?q=memoria+ddr5+64gb,589900
ddr5-64gb,olx,https://olx.com.br/brasil?q=memoria+ddr5+64gb,700000
ddr5-64gb,olx,https://olx.com.br/brasil?q=memoria+ddr5+64gb,700000
ddr5-64gb,olx,https://olx.com.br/brasil?q=memoria+ddr5+64gb,720000
ddr5-64gb,olx,https://olx.com.br/brasil?q=memoria+ddr5+64gb,629900
ddr5-64gb,olx,https://olx.com.br/brasil?q=memoria+ddr5+64gb,709900
ddr5-64gb,olx,https://olx.com.br/brasil?q=memoria+ddr5+64gb,729900
ddr5-64gb,olx,https://olx.com.br/brasil?q=memoria+ddr5+64gb,619900
ddr5-64gb,olx,https://olx.com.br/brasil?q=memoria+ddr5+64gb,679000
ddr5-64gb,olx,https://olx.com.br/brasil?q=memoria+ddr5+64gb,639900
ddr5-64gb,olx,https://olx.com.br/brasil?q=memoria+ddr5+64gb,600000
ddr5-64gb,olx,https://olx.com.br/brasil?q=memoria+ddr5+64gb,650000
ddr5-64gb,olx,https://olx.com.br/brasil?q=memoria+ddr5+64gb,480000
ddr5-64gb,olx,https://olx.com.br/brasil?q=memoria+ddr5+64gb,530000
ddr5-64gb,olx,https://olx.com.br/brasil?q=memoria+ddr5+64gb,540000
ddr5-64gb,olx,https://olx.com.br/brasil?q=memoria+ddr5+64gb,150000
ddr5-64gb,olx,https://olx.com.br/brasil?q=memoria+ddr5+64gb,620000
ddr5-64gb,olx,https://olx.com.br/brasil?q=memoria+ddr5+64gb,599900
ddr5-64gb,olx,https://olx.com.br/brasil?q=memoria+ddr5+64gb,449000
ddr5-64gb,olx,https://olx.com.br/brasil?q=memoria+ddr5+64gb,600000
ddr5-64gb,olx,https://olx.com.br/brasil?q=memoria+ddr5+64gb,450000
ddr5-64gb,olx,https://olx.com.br/brasil?q=memoria+ddr5+64gb,480000
ddr5-64gb,olx,https://olx.com.br/brasil?q=memoria+ddr5+64gb,533000
ddr5-64gb,olx,https://olx.com.br/brasil?q=memoria+ddr5+64gb,550000
ddr5-64gb,olx,https://olx.com.br/brasil?q=memoria+ddr5+64gb,619900
ddr5-64gb,olx,https://olx.com.br/brasil?q=memoria+ddr5+64gb,669900
ddr5-64gb,olx,https://olx.com.br/brasil?q=memoria+ddr5+64gb,659900
ddr5-64gb,olx,https://olx.com.br/brasil?q=memoria+ddr5+64gb,770000
ddr5-64gb,olx,https://olx.com.br/brasil?q=memoria+ddr5+64gb,679900
ddr5-64gb,olx,https://olx.com.br/brasil?q=memoria+ddr5+64gb,579900
ddr5-64gb,olx,https://olx.com.br/brasil?q=memoria+ddr5+64gb,599900
ddr5-64gb,olx,https://olx.com.br/brasil?q=memoria+ddr5+64gb,700000
ddr5-64gb,olx,https://olx.com.br/brasil?q=memoria+ddr5+64gb,750000
ddr5-64gb,olx,https://olx.com.br/brasil?q=memoria+ddr5+64gb,449900
ddr5-64gb,olx,https://olx.com.br/brasil?q=memoria+ddr5+64gb,520000
ddr5-64gb,olx,https://olx.com.br/brasil?q=memoria+ddr5+64gb,500000
ddr5-64gb,olx,https://olx.com.br/brasil?q=memoria+ddr5+64gb,459900
ddr5-64gb,olx,https://olx.com.br/brasil?q=memoria+ddr5+64gb,799000
ddr5-64gb,olx,https://olx.com.br/brasil?q=memoria+ddr5+64gb,754000
ddr5-64gb,olx,https://olx.com.br/brasil?q=memoria+ddr5+64gb,750000
ddr5-64gb,olx,https://olx.com.br/brasil?q=memoria+ddr5+64gb,725000
ddr5-64gb,olx,https://olx.com.br/brasil?q=memoria+ddr5+64gb,740000
ddr5-64gb,olx,https://olx.com.br/brasil?q=memoria+ddr5+64gb,746000
ddr5-64gb,olx,https://olx.com.br/brasil?q=memoria+ddr5+64gb,757000
ddr4-16gb,kabum,https://www.kabum.com.br/busca/memoria-ddr4-16gb,13869
ddr4-16gb,kabum,https://www.kabum.com.br/busca/memoria-ddr4-16gb,42044
ddr4-16gb,kabum,https://www.kabum.com.br/busca/memoria-ddr4-16gb,15627
ddr4-16gb,kabum,https://www.kabum.com.br/busca/memoria-ddr4-16gb,15319
ddr4-16gb,kabum,https://www.kabum.com.br/busca/memoria-ddr4-16gb,14074
ddr4-16gb,kabum,https://www.kabum.com.br/busca/memoria-ddr4-16gb,23776
ddr4-16gb,kabum,https://www.kabum.com.br/busca/memoria-ddr4-16gb,14890
ddr4-16gb,kabum,https://www.kabum.com.br/busca/memoria-ddr4-16gb,12778
ddr4-16gb,kabum,https://www.kabum.com.br/busca/memoria-ddr4-16gb,43748
ddr4-16gb,kabum,https://www.kabum.com.br/busca/memoria-ddr4-16gb,25332
ddr4-16gb,kabum,https://www.kabum.com.br/busca/memoria-ddr4-16gb,21248
ddr4-16gb,kabum,https://www.kabum.com.br/busca/memoria-ddr4-16gb,18299
ddr4-16gb,kabum,https://www.kabum.com.br/busca/memoria-ddr4-16gb,53000
ddr4-16gb,kabum,https://www.kabum.com.br/busca/memoria-ddr4-16gb,52000
ddr4-16gb,kabum,https://www.kabum.com.br/busca/memoria-ddr4-16gb,13999
ddr4-16gb,kabum,https://www.kabum.com.br/busca/memoria-ddr4-16gb,12999
ddr4-16gb,kabum,https://www.kabum.com.br/busca/memoria-ddr4-16gb,17999
ddr4-16gb,kabum,https://www.kabum.com.br/busca/memoria-ddr4-16gb,27998
ddr4-16gb,kabum,https://www.kabum.com.br/busca/memoria-ddr4-16gb,22732
ddr4-16gb,kabum,https://www.kabum.com.br/busca/memoria-ddr4-16gb,14499
ddr4-16gb,kabum,https://www.kabum.com.br/busca/memoria-ddr4-16gb,25222
ddr4-16gb,kabum,https://www.kabum.com.br/busca/memoria-ddr4-16gb,48862
ddr4-16gb,kabum,https://www.kabum.com.br/busca/memoria-ddr4-16gb,45453
ddr4-16gb,kabum,https://www.kabum.com.br/busca/memoria-ddr4-16gb,17500
ddr4-16gb,kabum,https://www.kabum.com.br/busca/memoria-ddr4-16gb,20982
ddr4-16gb,kabum,https://www.kabum.com.br/busca/memoria-ddr4-16gb,23607
ddr4-16gb,kabum,https://www.kabum.com.br/busca/memoria-ddr4-16gb,26232
ddr4-16gb,kabum,https://www.kabum.com.br/busca/memoria-ddr4-16gb,13499
ddr4-16gb,kabum,https://www.kabum.com.br/busca/memoria-ddr4-16gb,16299
ddr4-16gb,kabum,https://www.kabum.com.br/busca/memoria-ddr4-16gb,13999
ddr4-16gb,kabum,https://www.kabum.com.br/busca/memoria-ddr4-16gb,14999
ddr4-16gb,kabum,https://www.kabum.com.br/busca/memoria-ddr4-16gb,17999
ddr4-16gb,kabum,https://www.kabum.com.br/busca/memoria-ddr4-16gb,47776
ddr4-16gb,kabum,https://www.kabum.com.br/busca/memoria-ddr4-16gb,23998
ddr4-16gb,kabum,https://www.kabum.com.br/busca/memoria-ddr4-16gb,22198
ddr4-16gb,kabum,https://www.kabum.com.br/busca/memoria-ddr4-16gb,13646
ddr4-16gb,kabum,https://www.kabum.com.br/busca/memoria-ddr4-16gb,13646
ddr4-16gb,terabyte,https://www.terabyteshop.com.br/produto/42526/memoria-ddr4-synex-16gb-3200mhz-preto,69999
ddr4-16gb,terabyte,https://www.terabyteshop.com.br/produto/42526/memoria-ddr4-synex-16gb-3200mhz-preto,69999
ddr4-16gb,pichau,https://www.pichau.com.br/search?q=memoria+ddr4+16gb,43900
ddr4-16gb,pichau,https://www.pichau.com.br/search?q=memoria+ddr4+16gb,59900
ddr4-16gb,pichau,https://www.pichau.com.br/search?q=memoria+ddr4+16gb,60900
ddr4-16gb,pichau,https://www.pichau.com.br/search?q=memoria+ddr4+16gb,68900
ddr4-16gb,amazon-br,https://www.amazon.com.br/s?k=memoria+ddr4+16gb,64990
ddr4-16gb,amazon-br,https://www.amazon.com.br/s?k=memoria+ddr4+16gb,68371
ddr4-16gb,amazon-br,https://www.amazon.com.br/s?k=memoria+ddr4+16gb,60409
ddr4-16gb,amazon-br,https://www.amazon.com.br/s?k=memoria+ddr4+16gb,46423
ddr4-16gb,amazon-br,https://www.amazon.com.br/s?k=memoria+ddr4+16gb,60409
ddr4-16gb,amazon-br,https://www.amazon.com.br/s?k=memoria+ddr4+16gb,42835
ddr4-16gb,amazon-br,https://www.amazon.com.br/s?k=memoria+ddr4+16gb,69910
ddr4-16gb,amazon-br,https://www.amazon.com.br/s?k=memoria+ddr4+16gb,68496
ddr4-16gb,amazon-br,https://www.amazon.com.br/s?k=memoria+ddr4+16gb,49871
ddr4-16gb,amazon-br,https://www.amazon.com.br/s?k=memoria+ddr4+16gb,50000
ddr4-16gb,amazon-br,https://www.amazon.com.br/s?k=memoria+ddr4+16gb,50000
ddr4-16gb,amazon-br,https://www.amazon.com.br/s?k=memoria+ddr4+16gb,70000
ddr4-16gb,amazon-br,https://www.amazon.com.br/s?k=memoria+ddr4+16gb,70000
ddr4-16gb,olx,https://olx.com.br/brasil?q=memoria+ddr4+16gb,70000
ddr4-16gb,olx,https://olx.com.br/brasil?q=memoria+ddr4+16gb,45000
ddr4-16gb,olx,https://olx.com.br/brasil?q=memoria+ddr4+16gb,38000
ddr4-16gb,olx,https://olx.com.br/brasil?q=memoria+ddr4+16gb,62000
ddr4-16gb,olx,https://olx.com.br/brasil?q=memoria+ddr4+16gb,50000
ddr4-16gb,olx,https://olx.com.br/brasil?q=memoria+ddr4+16gb,50000
ddr4-16gb,olx,https://olx.com.br/brasil?q=memoria+ddr4+16gb,60000
ddr4-16gb,olx,https://olx.com.br/brasil?q=memoria+ddr4+16gb,60000
ddr4-16gb,olx,https://olx.com.br/brasil?q=memoria+ddr4+16gb,50000
ddr4-16gb,olx,https://olx.com.br/brasil?q=memoria+ddr4+16gb,55000
ddr4-16gb,olx,https://olx.com.br/brasil?q=memoria+ddr4+16gb,49900
ddr4-16gb,olx,https://olx.com.br/brasil?q=memoria+ddr4+16gb,56000
ddr4-16gb,olx,https://olx.com.br/brasil?q=memoria+ddr4+16gb,69900
ddr4-16gb,olx,https://olx.com.br/brasil?q=memoria+ddr4+16gb,55000
ddr4-16gb,olx,https://olx.com.br/brasil?q=memoria+ddr4+16gb,60000
ddr4-16gb,olx,https://olx.com.br/brasil?q=memoria+ddr4+16gb,66000
ddr4-16gb,olx,https://olx.com.br/brasil?q=memoria+ddr4+16gb,55000
ddr4-16gb,olx,https://olx.com.br/brasil?q=memoria+ddr4+16gb,59900
ddr4-16gb,olx,https://olx.com.br/brasil?q=memoria+ddr4+16gb,33000
ddr4-16gb,olx,https://olx.com.br/brasil?q=memoria+ddr4+16gb,60000
ddr4-16gb,olx,https://olx.com.br/brasil?q=memoria+ddr4+16gb,45000
ddr4-16gb,olx,https://olx.com.br/brasil?q=memoria+ddr4+16gb,50000
ddr4-16gb,olx,https://olx.com.br/brasil?q=memoria+ddr4+16gb,55000
ddr4-16gb,olx,https://olx.com.br/brasil?q=memoria+ddr4+16gb,45000
ddr4-16gb,olx,https://olx.com.br/brasil?q=memoria+ddr4+16gb,50000
ddr4-16gb,olx,https://olx.com.br/brasil?q=memoria+ddr4+16gb,65000
ddr4-16gb,olx,https://olx.com.br/brasil?q=memoria+ddr4+16gb,70000
ddr4-16gb,olx,https://olx.com.br/brasil?q=memoria+ddr4+16gb,55000
ddr4-16gb,olx,https://olx.com.br/brasil?q=memoria+ddr4+16gb,70000
ddr4-16gb,olx,https://olx.com.br/brasil?q=memoria+ddr4+16gb,50000
ddr4-16gb,olx,https://olx.com.br/brasil?q=memoria+ddr4+16gb,69900
ddr4-16gb,olx,https://olx.com.br/brasil?q=memoria+ddr4+16gb,50000
ddr4-16gb,olx,https://olx.com.br/brasil?q=memoria+ddr4+16gb,59900
ddr4-16gb,olx,https://olx.com.br/brasil?q=memoria+ddr4+16gb,70000
ddr4-16gb,olx,https://olx.com.br/brasil?q=memoria+ddr4+16gb,39000
ddr4-16gb,olx,https://olx.com.br/brasil?q=memoria+ddr4+16gb,45000
ddr4-16gb,olx,https://olx.com.br/brasil?q=memoria+ddr4+16gb,59000
ddr4-16gb,olx,https://olx.com.br/brasil?q=memoria+ddr4+16gb,61000
ddr4-16gb,olx,https://olx.com.br/brasil?q=memoria+ddr4+16gb,59900
ddr4-16gb,olx,https://olx.com.br/brasil?q=memoria+ddr4+16gb,62900
ddr4-16gb,olx,https://olx.com.br/brasil?q=memoria+ddr4+16gb,69900
ddr4-16gb,olx,https://olx.com.br/brasil?q=memoria+ddr4+16gb,50000
ddr4-16gb,olx,https://olx.com.br/brasil?q=memoria+ddr4+16gb,55000
ddr4-16gb,olx,https://olx.com.br/brasil?q=memoria+ddr4+16gb,66900
ddr4-16gb,olx,https://olx.com.br/brasil?q=memoria+ddr4+16gb,55000
ddr4-16gb,olx,https://olx.com.br/brasil?q=memoria+ddr4+16gb,65000
ddr4-16gb,olx,https://olx.com.br/brasil?q=memoria+ddr4+16gb,45000
ddr4-16gb,olx,https://olx.com.br/brasil?q=memoria+ddr4+16gb,50000
ddr4-16gb,olx,https://olx.com.br/brasil?q=memoria+ddr4+16gb,70000
ddr4-16gb,olx,https://olx.com.br/brasil?q=memoria+ddr4+16gb,50000
ddr4-16gb,olx,https://olx.com.br/brasil?q=memoria+ddr4+16gb,40000
ddr4-16gb,olx,https://olx.com.br/brasil?q=memoria+ddr4+16gb,50000
ddr4-16gb,olx,https://olx.com.br/brasil?q=memoria+ddr4+16gb,55000
ddr4-16gb,olx,https://olx.com.br/brasil?q=memoria+ddr4+16gb,48000
ddr4-32gb,kabum,https://www.kabum.com.br/busca/memoria-ddr4-32gb,38289
ddr4-32gb,kabum,https://www.kabum.com.br/busca/memoria-ddr4-32gb,24790
ddr4-32gb,kabum,https://www.kabum.com.br/busca/memoria-ddr4-32gb,26665
ddr4-32gb,kabum,https://www.kabum.com.br/busca/memoria-ddr4-32gb,29887
ddr4-32gb,kabum,https://www.kabum.com.br/busca/memoria-ddr4-32gb,33221
ddr4-32gb,kabum,https://www.kabum.com.br/busca/memoria-ddr4-32gb,70226
ddr4-32gb,kabum,https://www.kabum.com.br/busca/memoria-ddr4-32gb,27776
ddr4-32gb,kabum,https://www.kabum.com.br/busca/memoria-ddr4-32gb,63111
ddr4-32gb,kabum,https://www.kabum.com.br/busca/memoria-ddr4-32gb,69982
ddr4-32gb,kabum,https://www.kabum.com.br/busca/memoria-ddr4-32gb,61232
ddr4-32gb,kabum,https://www.kabum.com.br/busca/memoria-ddr4-32gb,34982
ddr4-32gb,kabum,https://www.kabum.com.br/busca/memoria-ddr4-32gb,27554
ddr4-32gb,kabum,https://www.kabum.com.br/busca/memoria-ddr4-32gb,59482
ddr4-32gb,kabum,https://www.kabum.com.br/busca/memoria-ddr4-32gb,57732
ddr4-32gb,kabum,https://www.kabum.com.br/busca/memoria-ddr4-32gb,63857
ddr4-32gb,kabum,https://www.kabum.com.br/busca/memoria-ddr4-32gb,30427
ddr4-32gb,kabum,https://www.kabum.com.br/busca/memoria-ddr4-32gb,67776
ddr4-32gb,kabum,https://www.kabum.com.br/busca/memoria-ddr4-32gb,56857
ddr4-32gb,kabum,https://www.kabum.com.br/busca/memoria-ddr4-32gb,30917
ddr4-32gb,kabum,https://www.kabum.com.br/busca/memoria-ddr4-32gb,24519
ddr4-32gb,kabum,https://www.kabum.com.br/busca/memoria-ddr4-32gb,23432
ddr4-32gb,kabum,https://www.kabum.com.br/busca/memoria-ddr4-32gb,23529
ddr4-32gb,kabum,https://www.kabum.com.br/busca/memoria-ddr4-32gb,27411
ddr4-32gb,kabum,https://www.kabum.com.br/busca/memoria-ddr4-32gb,22990
ddr4-32gb,kabum,https://www.kabum.com.br/busca/memoria-ddr4-32gb,23990
ddr4-32gb,kabum,https://www.kabum.com.br/busca/memoria-ddr4-32gb,41058
ddr4-32gb,kabum,https://www.kabum.com.br/busca/memoria-ddr4-32gb,20440
ddr4-32gb,kabum,https://www.kabum.com.br/busca/memoria-ddr4-32gb,23990
ddr4-32gb,kabum,https://www.kabum.com.br/busca/memoria-ddr4-32gb,26470
ddr4-32gb,kabum,https://www.kabum.com.br/busca/memoria-ddr4-32gb,23990
ddr4-32gb,kabum,https://www.kabum.com.br/busca/memoria-ddr4-32gb,32490
ddr4-32gb,kabum,https://www.kabum.com.br/busca/memoria-ddr4-32gb,25882
ddr4-32gb,kabum,https://www.kabum.com.br/busca/memoria-ddr4-32gb,23220
ddr4-32gb,kabum,https://www.kabum.com.br/busca/memoria-ddr4-32gb,38823
ddr4-32gb,kabum,https://www.kabum.com.br/busca/memoria-ddr4-32gb,37399
ddr4-32gb,kabum,https://www.kabum.com.br/busca/memoria-ddr4-32gb,23990
ddr4-32gb,kabum,https://www.kabum.com.br/busca/memoria-ddr4-32gb,30899
ddr4-32gb,kabum,https://www.kabum.com.br/busca/memoria-ddr4-32gb,34339
ddr4-32gb,kabum,https://www.kabum.com.br/busca/memoria-ddr4-32gb,23990
ddr4-32gb,kabum,https://www.kabum.com.br/busca/memoria-ddr4-32gb,28989
ddr4-32gb,kabum,https://www.kabum.com.br/busca/memoria-ddr4-32gb,20690
ddr4-32gb,kabum,https://www.kabum.com.br/busca/memoria-ddr4-32gb,21550
ddr4-32gb,kabum,https://www.kabum.com.br/busca/memoria-ddr4-32gb,22990
ddr4-32gb,kabum,https://www.kabum.com.br/busca/memoria-ddr4-32gb,26239
ddr4-32gb,kabum,https://www.kabum.com.br/busca/memoria-ddr4-32gb,30899
ddr4-32gb,kabum,https://www.kabum.com.br/busca/memoria-ddr4-32gb,25050
ddr4-32gb,kabum,https://www.kabum.com.br/busca/memoria-ddr4-32gb,34899
ddr4-32gb,kabum,https://www.kabum.com.br/busca/memoria-ddr4-32gb,24649
ddr4-32gb,kabum,https://www.kabum.com.br/busca/memoria-ddr4-32gb,30042
ddr4-32gb,kabum,https://www.kabum.com.br/busca/memoria-ddr4-32gb,20011
ddr4-32gb,kabum,https://www.kabum.com.br/busca/memoria-ddr4-32gb,34000
ddr4-32gb,kabum,https://www.kabum.com.br/busca/memoria-ddr4-32gb,24649
ddr4-32gb,kabum,https://www.kabum.com.br/busca/memoria-ddr4-32gb,25423
ddr4-32gb,kabum,https://www.kabum.com.br/busca/memoria-ddr4-32gb,23990
ddr4-32gb,terabyte,https://www.terabyteshop.com.br/produto/19403/memoria-ddr4-xpg-gammix-d45-32gb-2x16gb-3200mhz-black-ax4u320016g16a-dcbkd45,60349
ddr4-32gb,terabyte,https://www.terabyteshop.com.br/produto/19403/memoria-ddr4-xpg-gammix-d45-32gb-2x16gb-3200mhz-black-ax4u320016g16a-dcbkd45,64348
ddr4-32gb,terabyte,https://www.terabyteshop.com.br/produto/34728/memoria-ddr4-crucial-pro-32gb-3200mhz-preta-cp32g4dfra32a,50149
ddr4-32gb,terabyte,https://www.terabyteshop.com.br/produto/34728/memoria-ddr4-crucial-pro-32gb-3200mhz-preta-cp32g4dfra32a,54948
ddr4-32gb,pichau,https://www.pichau.com.br/search?q=memoria+ddr4+32gb,82300
ddr4-32gb,pichau,https://www.pichau.com.br/search?q=memoria+ddr4+32gb,43900
ddr4-32gb,pichau,https://www.pichau.com.br/search?q=memoria+ddr4+32gb,59900
ddr4-32gb,pichau,https://www.pichau.com.br/search?q=memoria+ddr4+32gb,60900
ddr4-32gb,pichau,https://www.pichau.com.br/search?q=memoria+ddr4+32gb,91900
ddr4-32gb,pichau,https://www.pichau.com.br/search?q=memoria+ddr4+32gb,73900
ddr4-32gb,pichau,https://www.pichau.com.br/search?q=memoria+ddr4+32gb,68900
ddr4-32gb,amazon-br,https://www.amazon.com.br/s?k=memoria+ddr4+32gb,42835
ddr4-32gb,amazon-br,https://www.amazon.com.br/s?k=memoria+ddr4+32gb,71696
ddr4-32gb,amazon-br,https://www.amazon.com.br/s?k=memoria+ddr4+32gb,83699
ddr4-32gb,amazon-br,https://www.amazon.com.br/s?k=memoria+ddr4+32gb,79819
ddr4-32gb,olx,https://olx.com.br/brasil?q=memoria+ddr4+32gb,100000
ddr4-32gb,olx,https://olx.com.br/brasil?q=memoria+ddr4+32gb,78000
ddr4-32gb,olx,https://olx.com.br/brasil?q=memoria+ddr4+32gb,99900
ddr4-32gb,olx,https://olx.com.br/brasil?q=memoria+ddr4+32gb,80000
ddr4-32gb,olx,https://olx.com.br/brasil?q=memoria+ddr4+32gb,90000
ddr4-32gb,olx,https://olx.com.br/brasil?q=memoria+ddr4+32gb,80000
ddr4-32gb,olx,https://olx.com.br/brasil?q=memoria+ddr4+32gb,90000
ddr4-32gb,olx,https://olx.com.br/brasil?q=memoria+ddr4+32gb,60000
ddr4-32gb,olx,https://olx.com.br/brasil?q=memoria+ddr4+32gb,90000
ddr4-32gb,olx,https://olx.com.br/brasil?q=memoria+ddr4+32gb,95000
ddr4-32gb,olx,https://olx.com.br/brasil?q=memoria+ddr4+32gb,100000
ddr4-32gb,olx,https://olx.com.br/brasil?q=memoria+ddr4+32gb,86000
ddr4-32gb,olx,https://olx.com.br/brasil?q=memoria+ddr4+32gb,95000
ddr4-32gb,olx,https://olx.com.br/brasil?q=memoria+ddr4+32gb,85000
ddr4-32gb,olx,https://olx.com.br/brasil?q=memoria+ddr4+32gb,99900
ddr4-32gb,olx,https://olx.com.br/brasil?q=memoria+ddr4+32gb,100000
ddr4-32gb,olx,https://olx.com.br/brasil?q=memoria+ddr4+32gb,80000
ddr4-32gb,olx,https://olx.com.br/brasil?q=memoria+ddr4+32gb,90000
ddr4-32gb,olx,https://olx.com.br/brasil?q=memoria+ddr4+32gb,99700
ryzen-9600x,kabum,https://www.kabum.com.br/busca/ryzen-5-9600x,179900
ryzen-9600x,kabum,https://www.kabum.com.br/busca/ryzen-5-9600x,179900
ryzen-9600x,kabum,https://www.kabum.com.br/produto/761346/processador-amd-ryzen-5-9600x-3-9-ghz-am5-100-100001405wof,145900
ryzen-9600x,kabum,https://www.kabum.com.br/produto/761346/processador-amd-ryzen-5-9600x-3-9-ghz-am5-100-100001405wof,145900
ryzen-9600x,kabum,https://www.kabum.com.br/produto/761346/processador-amd-ryzen-5-9600x-3-9-ghz-am5-100-100001405wof,145900
ryzen-9600x,kabum,https://www.kabum.com.br/produto/998179/processador-amd-ryzen-5-9600x-3-9ghz-5-4ghz-turbo-6-cores-12-threads-am5-38mb-radeon-graphics-sem-cooler-100-100001405,157900
ryzen-9600x,terabyte,https://www.terabyteshop.com.br/produto/30040/processador-amd-ryzen-5-9600x-39ghz-54ghz-turbo-6-cores-12-threads-am5-sem-cooler-100-100001405wof,127999
ryzen-9600x,terabyte,https://www.terabyteshop.com.br/produto/30040/processador-amd-ryzen-5-9600x-39ghz-54ghz-turbo-6-cores-12-threads-am5-sem-cooler-100-100001405wof,175998
ryzen-9600x,terabyte,https://www.terabyteshop.com.br/produto/39970/processador-amd-ryzen-5-9600x-39ghz-54ghz-turbo-6-cores-12-threads-am5-sem-cooler-sem-caixa-100-100001405tray-oem,184999
ryzen-9600x,terabyte,https://www.terabyteshop.com.br/produto/39633/kit-upgrade-amd-ryzen-5-9600x-placa-mae-chipset-b650,208999
ryzen-9600x,terabyte,https://www.terabyteshop.com.br/produto/39633/kit-upgrade-amd-ryzen-5-9600x-placa-mae-chipset-b650,208999
ryzen-9600x,terabyte,https://www.terabyteshop.com.br/produto/33969/kit-upgrade-amd-ryzen-5-9600x-placa-mae-chipset-b840,239999
ryzen-9600x,terabyte,https://www.terabyteshop.com.br/produto/33969/kit-upgrade-amd-ryzen-5-9600x-placa-mae-chipset-b840,239999
ryzen-9600x,olx,https://olx.com.br/brasil?q=ryzen+5+9600x,120000
ryzen-9600x,olx,https://olx.com.br/brasil?q=ryzen+5+9600x,120000
ryzen-9600x,olx,https://olx.com.br/brasil?q=ryzen+5+9600x,120000
ryzen-9600x,olx,https://olx.com.br/brasil?q=ryzen+5+9600x,124900
ryzen-9600x,olx,https://olx.com.br/brasil?q=ryzen+5+9600x,120000
ryzen-9600x,olx,https://olx.com.br/brasil?q=ryzen+5+9600x,120000
ryzen-9600x,olx,https://olx.com.br/brasil?q=ryzen+5+9600x,120000
ryzen-9600x,olx,https://olx.com.br/brasil?q=ryzen+5+9600x,140000
ryzen-9600x,olx,https://olx.com.br/brasil?q=ryzen+5+9600x,125000
ryzen-9600x,olx,https://olx.com.br/brasil?q=ryzen+5+9600x,199900
ryzen-9600x,olx,https://olx.com.br/brasil?q=ryzen+5+9600x,124000
ryzen-9600x,olx,https://olx.com.br/brasil?q=ryzen+5+9600x,129900
ryzen-9600x,olx,https://olx.com.br/brasil?q=ryzen+5+9600x,130000
ryzen-9600x,olx,https://olx.com.br/brasil?q=ryzen+5+9600x,150000
ryzen-9700x,kabum,https://www.kabum.com.br/busca/ryzen-7-9700x,153000
ryzen-9700x,kabum,https://www.kabum.com.br/produto/761345/processador-amd-ryzen-7-9700x-3-9ghz-40mb-sem-cooler-am5,249900
ryzen-9700x,kabum,https://www.kabum.com.br/produto/761345/processador-amd-ryzen-7-9700x-3-9ghz-40mb-sem-cooler-am5,249900
ryzen-9700x,kabum,https://www.kabum.com.br/produto/761345/processador-amd-ryzen-7-9700x-3-9ghz-40mb-sem-cooler-am5,249900
ryzen-9700x,kabum,https://www.kabum.com.br/produto/761345/processador-amd-ryzen-7-9700x-3-9ghz-40mb-sem-cooler-am5,249900
ryzen-9700x,kabum,https://www.kabum.com.br/busca/processador-amd-ryzen-7-9700x,153000
ryzen-9700x,terabyte,https://www.terabyteshop.com.br/produto/30039/processador-amd-ryzen-7-9700x-38ghz-55ghz-turbo-8-cores-16-threads-am5-sem-cooler-100-100001404wof,189999
ryzen-9700x,terabyte,https://www.terabyteshop.com.br/produto/30039/processador-amd-ryzen-7-9700x-38ghz-55ghz-turbo-8-cores-16-threads-am5-sem-cooler-100-100001404wof,243998
ryzen-9700x,terabyte,https://www.terabyteshop.com.br/produto/30039/processador-amd-ryzen-7-9700x-38ghz-55ghz-turbo-8-cores-16-threads-am5-sem-cooler-100-100001404wof,231890
ryzen-9700x,terabyte,https://www.terabyteshop.com.br/produto/20874/kit-upgrade-ryzen-7-9700x-placa-mae-chipset-b850,303999
ryzen-9700x,terabyte,https://www.terabyteshop.com.br/produto/20874/kit-upgrade-ryzen-7-9700x-placa-mae-chipset-b850,303999
ryzen-9700x,terabyte,https://www.terabyteshop.com.br/produto/30039/processador-amd-ryzen-7-9700x-38ghz-55ghz-turbo-8-cores-16-threads-am5-sem-cooler-100-100001404wof?p=134618,189999
ryzen-9700x,terabyte,https://www.terabyteshop.com.br/produto/30039/processador-amd-ryzen-7-9700x-38ghz-55ghz-turbo-8-cores-16-threads-am5-sem-cooler-100-100001404wof?p=134618,243998
ryzen-9700x,terabyte,https://www.terabyteshop.com.br/produto/30039/processador-amd-ryzen-7-9700x-38ghz-55ghz-turbo-8-cores-16-threads-am5-sem-cooler-100-100001404wof?p=134618,231890
ryzen-9700x,olx,https://olx.com.br/brasil?q=ryzen+7+9700x,175000
ryzen-9700x,olx,https://olx.com.br/brasil?q=ryzen+7+9700x,155000
ryzen-9700x,olx,https://olx.com.br/brasil?q=ryzen+7+9700x,169900
ryzen-9700x,olx,https://olx.com.br/brasil?q=ryzen+7+9700x,159900
ryzen-9700x,olx,https://olx.com.br/brasil?q=ryzen+7+9700x,160000
ryzen-9700x,olx,https://olx.com.br/brasil?q=ryzen+7+9700x,155000
ryzen-9700x,olx,https://olx.com.br/brasil?q=ryzen+7+9700x,159000
ryzen-9700x,olx,https://olx.com.br/brasil?q=ryzen+7+9700x,180000
ryzen-9700x,olx,https://olx.com.br/brasil?q=ryzen+7+9700x,153000
ryzen-9700x,olx,https://olx.com.br/brasil?q=ryzen+7+9700x,169000
ryzen-9700x,olx,https://olx.com.br/brasil?q=ryzen+7+9700x,170000
ryzen-9700x,olx,https://olx.com.br/brasil?q=ryzen+7+9700x,180000
ryzen-9700x,olx,https://olx.com.br/brasil?q=ryzen+7+9700x,208000
ryzen-9950x,kabum,https://www.kabum.com.br/busca/ryzen-9-9950x,369900
ryzen-9950x,kabum,https://www.kabum.com.br/busca/ryzen-9-9950x,399900
ryzen-9950x,kabum,https://www.kabum.com.br/produto/626455/processador-amd-ryzen-9-9950x-4-3ghz-5-7ghz-turbo-cache-16mb-am5-16-nucleos-32-threads-radeon-graphics-sem-cooler-100-100001277wof,399900
ryzen-9950x,kabum,https://www.kabum.com.br/produto/626455/processador-amd-ryzen-9-9950x-4-3ghz-5-7ghz-turbo-cache-16mb-am5-16-nucleos-32-threads-radeon-graphics-sem-cooler-100-100001277wof,399900
ryzen-9950x,kabum,https://www.kabum.com.br/produto/626455/processador-amd-ryzen-9-9950x-4-3ghz-5-7ghz-turbo-cache-16mb-am5-16-nucleos-32-threads-radeon-graphics-sem-cooler-100-100001277wof,399900
ryzen-9950x,kabum,https://www.kabum.com.br/produto/626455/processador-amd-ryzen-9-9950x-4-3ghz-5-7ghz-turbo-cache-16mb-am5-16-nucleos-32-threads-radeon-graphics-sem-cooler-100-100001277wof,399900
ryzen-9950x,terabyte,https://www.terabyteshop.com.br/produto/30488/processador-amd-ryzen-9-9950x-43ghz-57ghz-turbo-16-cores-32-threads-am5-sem-cooler-100-100001277wof,377998
ryzen-9950x,terabyte,https://www.terabyteshop.com.br/produto/37980/processador-amd-ryzen-9-9950x-43ghz-57ghz-turbo-16-cores-32-threads-am5-sem-cooler-100-100001277wof-m,530999
ryzen-9950x,amazon-br,https://www.amazon.com.br/s?k=ryzen+9+9950x,399999
ryzen-9950x,amazon-br,https://www.amazon.com.br/s?k=ryzen+9+9950x,399999
ryzen-9950x,amazon-br,https://www.amazon.com.br/s?k=ryzen+9+9950x,345542
ryzen-9950x,amazon-br,https://www.amazon.com.br/s?k=ryzen+9+9950x,422674
ryzen-9950x,amazon-br,https://www.amazon.com.br/s?k=ryzen+9+9950x,386187
ryzen-9950x,amazon-br,https://www.amazon.com.br/s?k=ryzen+9+9950x,493999
ryzen-9950x,amazon-br,https://www.amazon.com.br/s?k=ryzen+9+9950x,510435
ryzen-9950x,amazon-br,https://www.amazon.com.br/s?k=ryzen+9+9950x,638685
ryzen-9950x,amazon-br,https://www.amazon.com.br/s?k=ryzen+9+9950x,534695
ryzen-9950x,amazon-br,https://www.amazon.com.br/s?k=ryzen+9+9950x,403740
ryzen-9950x,amazon-br,https://www.amazon.com.br/s?k=ryzen+9+9950x,370395
ryzen-9950x,amazon-br,https://www.amazon.com.br/s?k=ryzen+9+9950x,410000
ryzen-9950x,amazon-br,https://www.amazon.com.br/s?k=ryzen+9+9950x,410000
ryzen-9950x,amazon-br,https://www.amazon.com.br/s?k=ryzen+9+9950x,540000
ryzen-9950x,amazon-br,https://www.amazon.com.br/s?k=ryzen+9+9950x,540000
ryzen-9950x,olx,https://olx.com.br/brasil?q=ryzen+9+9950x,330000
ryzen-9950x,olx,https://olx.com.br/brasil?q=ryzen+9+9950x,330000
ryzen-9950x,olx,https://olx.com.br/brasil?q=ryzen+9+9950x,625000
ryzen-9950x,olx,https://olx.com.br/brasil?q=ryzen+9+9950x,349900
ryzen-9800x3d,kabum,https://www.kabum.com.br/produto/677529/processador-amd-ryzen-7-9800x3d-4-7ghz-5-2ghz-turbo-8-cores-16-threads-am5-sem-cooler-100-1000001084wof,369900
ryzen-9800x3d,terabyte,https://www.terabyteshop.com.br/produto/32518/processador-amd-ryzen-7-9800x3d-47ghz-52ghz-turbo-8-cores-16-threads-am5-sem-cooler-100-1000001084wof,429999
ryzen-9800x3d,terabyte,https://www.terabyteshop.com.br/produto/32518/processador-amd-ryzen-7-9800x3d-47ghz-52ghz-turbo-8-cores-16-threads-am5-sem-cooler-100-1000001084wof,477998
ryzen-9800x3d,terabyte,https://www.terabyteshop.com.br/produto/36418/processador-amd-ryzen-7-9800x3d-47ghz-52ghz-turbo-8-cores-16-threads-am5-sem-cooler-100-1000001084wof-open-box,479999
ryzen-9800x3d,amazon-br,https://www.amazon.com.br/s?k=ryzen+7+9800x3d,300000
ryzen-9800x3d,amazon-br,https://www.amazon.com.br/s?k=ryzen+7+9800x3d,296865
ryzen-9800x3d,amazon-br,https://www.amazon.com.br/s?k=ryzen+7+9800x3d,300000
ryzen-9800x3d,amazon-br,https://www.amazon.com.br/s?k=ryzen+7+9800x3d,399999
ryzen-9800x3d,amazon-br,https://www.amazon.com.br/s?k=ryzen+7+9800x3d,399999
ryzen-9800x3d,amazon-br,https://www.amazon.com.br/s?k=ryzen+7+9800x3d,329999
ryzen-9800x3d,amazon-br,https://www.amazon.com.br/s?k=ryzen+7+9800x3d,407930
ryzen-9800x3d,amazon-br,https://www.amazon.com.br/s?k=ryzen+7+9800x3d,467399
ryzen-9800x3d,amazon-br,https://www.amazon.com.br/s?k=ryzen+7+9800x3d,266285
ryzen-9800x3d,amazon-br,https://www.amazon.com.br/s?k=ryzen+7+9800x3d,483835
ryzen-9800x3d,amazon-br,https://www.amazon.com.br/s?k=ryzen+7+9800x3d,493999
ryzen-9800x3d,amazon-br,https://www.amazon.com.br/s?k=ryzen+7+9800x3d,329999
ryzen-9800x3d,amazon-br,https://www.amazon.com.br/s?k=ryzen+7+9800x3d,320000
ryzen-9800x3d,amazon-br,https://www.amazon.com.br/s?k=ryzen+7+9800x3d,320000
ryzen-9800x3d,amazon-br,https://www.amazon.com.br/s?k=ryzen+7+9800x3d,510000
ryzen-9800x3d,amazon-br,https://www.amazon.com.br/s?k=ryzen+7+9800x3d,510000
ryzen-9800x3d,olx,https://olx.com.br/brasil?q=ryzen+7+9800x3d,295000
ryzen-9800x3d,olx,https://olx.com.br/brasil?q=ryzen+7+9800x3d,350000
ryzen-9800x3d,olx,https://olx.com.br/brasil?q=ryzen+7+9800x3d,265000
ryzen-9800x3d,olx,https://olx.com.br/brasil?q=ryzen+7+9800x3d,300000
ryzen-9800x3d,olx,https://olx.com.br/brasil?q=ryzen+7+9800x3d,261900
ryzen-9800x3d,olx,https://olx.com.br/brasil?q=ryzen+7+9800x3d,284900
ryzen-9800x3d,olx,https://olx.com.br/brasil?q=ryzen+7+9800x3d,270000
ryzen-9800x3d,olx,https://olx.com.br/brasil?q=ryzen+7+9800x3d,270000
ryzen-9800x3d,olx,https://olx.com.br/brasil?q=ryzen+7+9800x3d,264900
ryzen-9800x3d,olx,https://olx.com.br/brasil?q=ryzen+7+9800x3d,299900
ryzen-9800x3d,olx,https://olx.com.br/brasil?q=ryzen+7+9800x3d,294900
ryzen-9800x3d,olx,https://olx.com.br/brasil?q=ryzen+7+9800x3d,269900
ryzen-9800x3d,olx,https://olx.com.br/brasil?q=ryzen+7+9800x3d,349900
ryzen-9800x3d,olx,https://olx.com.br/brasil?q=ryzen+7+9800x3d,352000
ryzen-9800x3d,olx,https://olx.com.br/brasil?q=ryzen+7+9800x3d,360800
ryzen-9800x3d,olx,https://olx.com.br/brasil?q=ryzen+7+9800x3d,308000
ryzen-7600,kabum,https://www.kabum.com.br/busca/ryzen-5-7600,125900
ryzen-7600,terabyte,https://www.terabyteshop.com.br/produto/33036/processador-amd-ryzen-5-7600-38ghz-51ghz-turbo-6-cores-12-threads-am5-com-cooler-amd-wraith-stealth-100-100001015box-open-box,127990
ryzen-7600,terabyte,https://www.terabyteshop.com.br/produto/22262/processador-amd-ryzen-5-7600x-47ghz-53ghz-turbo-6-cores-12-threads-am5-100-100000593wof,119999
ryzen-7600,terabyte,https://www.terabyteshop.com.br/produto/22262/processador-amd-ryzen-5-7600x-47ghz-53ghz-turbo-6-cores-12-threads-am5-100-100000593wof,149190
ryzen-7600,pichau,https://www.pichau.com.br/processador-amd-ryzen-5-7600-6-core-12-threads-3-8ghz-5-1ghz-turbo-cache-38mb-am5-100-100001015box,99900
ryzen-7600,pichau,https://www.pichau.com.br/processador-amd-ryzen-5-7600-6-core-12-threads-3-8ghz-5-1ghz-turbo-cache-38mb-am5-100-100001015box-br,99900
ryzen-7600,amazon-br,https://www.amazon.com.br/s?k=ryzen+5+7600,99997
ryzen-7600,amazon-br,https://www.amazon.com.br/s?k=ryzen+5+7600,99999
ryzen-7600,amazon-br,https://www.amazon.com.br/s?k=ryzen+5+7600,129165
ryzen-7600,amazon-br,https://www.amazon.com.br/s?k=ryzen+5+7600,119990
ryzen-7600,amazon-br,https://www.amazon.com.br/s?k=ryzen+5+7600,96999
ryzen-7600,amazon-br,https://www.amazon.com.br/s?k=ryzen+5+7600,87307
ryzen-7600,amazon-br,https://www.amazon.com.br/s?k=ryzen+5+7600,124449
ryzen-7600,amazon-br,https://www.amazon.com.br/s?k=ryzen+5+7600,95900
ryzen-7600,amazon-br,https://www.amazon.com.br/s?k=ryzen+5+7600,122939
ryzen-7600,amazon-br,https://www.amazon.com.br/s?k=ryzen+5+7600,94905
ryzen-7600,amazon-br,https://www.amazon.com.br/s?k=ryzen+5+7600,98800
ryzen-7600,amazon-br,https://www.amazon.com.br/s?k=ryzen+5+7600,95124
ryzen-7600,amazon-br,https://www.amazon.com.br/s?k=ryzen+5+7600,169999
ryzen-7600,amazon-br,https://www.amazon.com.br/s?k=ryzen+5+7600,149999
ryzen-7600,amazon-br,https://www.amazon.com.br/s?k=ryzen+5+7600,80174
ryzen-7600,amazon-br,https://www.amazon.com.br/s?k=ryzen+5+7600,129900
ryzen-7600,amazon-br,https://www.amazon.com.br/s?k=ryzen+5+7600,165956
ryzen-7600,amazon-br,https://www.amazon.com.br/s?k=ryzen+5+7600,139079
ryzen-7600,amazon-br,https://www.amazon.com.br/s?k=ryzen+5+7600,152000
ryzen-7600,amazon-br,https://www.amazon.com.br/s?k=ryzen+5+7600,169526
ryzen-7600,amazon-br,https://www.amazon.com.br/s?k=ryzen+5+7600,117351
ryzen-7600,amazon-br,https://www.amazon.com.br/s?k=ryzen+5+7600,118740
ryzen-7600,amazon-br,https://www.amazon.com.br/s?k=ryzen+5+7600,164350
ryzen-7600,amazon-br,https://www.amazon.com.br/s?k=ryzen+5+7600,120000
ryzen-7600,amazon-br,https://www.amazon.com.br/s?k=ryzen+5+7600,120000
ryzen-7600,olx,https://olx.com.br/brasil?q=ryzen+5+7600,96900
ryzen-7600,olx,https://olx.com.br/brasil?q=ryzen+5+7600,90000
ryzen-7600,olx,https://olx.com.br/brasil?q=ryzen+5+7600,94500
ryzen-7600,olx,https://olx.com.br/brasil?q=ryzen+5+7600,100000
ryzen-7600,olx,https://olx.com.br/brasil?q=ryzen+5+7600,85000
ryzen-7600,olx,https://olx.com.br/brasil?q=ryzen+5+7600,90000
ryzen-7600,olx,https://olx.com.br/brasil?q=ryzen+5+7600,80000
ryzen-7600,olx,https://olx.com.br/brasil?q=ryzen+5+7600,100000
ryzen-7600,olx,https://olx.com.br/brasil?q=ryzen+5+7600,85000
ryzen-7600,olx,https://olx.com.br/brasil?q=ryzen+5+7600,89000
ryzen-7600,olx,https://olx.com.br/brasil?q=ryzen+5+7600,80000
ryzen-7600,olx,https://olx.com.br/brasil?q=ryzen+5+7600,90000
ryzen-7600,olx,https://olx.com.br/brasil?q=ryzen+5+7600,95000
ryzen-7600,olx,https://olx.com.br/brasil?q=ryzen+5+7600,127400
ryzen-7600,olx,https://olx.com.br/brasil?q=ryzen+5+7600,149900
ryzen-7600,olx,https://olx.com.br/brasil?q=ryzen+5+7600,80000
ryzen-7600,olx,https://olx.com.br/brasil?q=ryzen+5+7600,85000
ryzen-7600,olx,https://olx.com.br/brasil?q=ryzen+5+7600,80000
ryzen-7600,olx,https://olx.com.br/brasil?q=ryzen+5+7600,90000
ryzen-7600,olx,https://olx.com.br/brasil?q=ryzen+5+7600,80000
ryzen-7600,olx,https://olx.com.br/brasil?q=ryzen+5+7600,95000
ryzen-7600,olx,https://olx.com.br/brasil?q=ryzen+5+7600,127400
ryzen-7600,olx,https://olx.com.br/brasil?q=ryzen+5+7600,100000
ryzen-7600,olx,https://olx.com.br/brasil?q=ryzen+5+7600,110000
ryzen-7800x3d,terabyte,https://www.terabyteshop.com.br/produto/24769/processador-amd-ryzen-7-7800x3d-42ghz-50ghz-turbo-8-cores-16-threads-am5-sem-cooler-100-100000910wof,209999
ryzen-7800x3d,terabyte,https://www.terabyteshop.com.br/produto/38141/processador-amd-ryzen-7-7800x3d-42ghz-50ghz-turbo-8-cores-16-threads-am5-sem-cooler-100-100000910wof-open-boxx,300049
ryzen-7800x3d,amazon-br,https://www.amazon.com.br/s?k=ryzen+7+7800x3d,199999
ryzen-7800x3d,amazon-br,https://www.amazon.com.br/s?k=ryzen+7+7800x3d,189589
ryzen-7800x3d,amazon-br,https://www.amazon.com.br/s?k=ryzen+7+7800x3d,239999
ryzen-7800x3d,amazon-br,https://www.amazon.com.br/s?k=ryzen+7+7800x3d,238925
ryzen-7800x3d,amazon-br,https://www.amazon.com.br/s?k=ryzen+7+7800x3d,235590
ryzen-7800x3d,amazon-br,https://www.amazon.com.br/s?k=ryzen+7+7800x3d,189999
ryzen-7800x3d,amazon-br,https://www.amazon.com.br/s?k=ryzen+7+7800x3d,229900
ryzen-7800x3d,amazon-br,https://www.amazon.com.br/s?k=ryzen+7+7800x3d,212283
ryzen-7800x3d,amazon-br,https://www.amazon.com.br/s?k=ryzen+7+7800x3d,219999
ryzen-7800x3d,amazon-br,https://www.amazon.com.br/s?k=ryzen+7+7800x3d,266285
ryzen-7800x3d,amazon-br,https://www.amazon.com.br/s?k=ryzen+7+7800x3d,199366
ryzen-7800x3d,amazon-br,https://www.amazon.com.br/s?k=ryzen+7+7800x3d,187905
ryzen-7800x3d,amazon-br,https://www.amazon.com.br/s?k=ryzen+7+7800x3d,199405
ryzen-7800x3d,amazon-br,https://www.amazon.com.br/s?k=ryzen+7+7800x3d,300000
ryzen-7800x3d,amazon-br,https://www.amazon.com.br/s?k=ryzen+7+7800x3d,296865
ryzen-7800x3d,amazon-br,https://www.amazon.com.br/s?k=ryzen+7+7800x3d,208991
ryzen-7800x3d,amazon-br,https://www.amazon.com.br/s?k=ryzen+7+7800x3d,329999
ryzen-7800x3d,amazon-br,https://www.amazon.com.br/s?k=ryzen+7+7800x3d,180499
ryzen-7800x3d,amazon-br,https://www.amazon.com.br/s?k=ryzen+7+7800x3d,294405
ryzen-7800x3d,amazon-br,https://www.amazon.com.br/s?k=ryzen+7+7800x3d,223528
ryzen-7800x3d,amazon-br,https://www.amazon.com.br/s?k=ryzen+7+7800x3d,280000
ryzen-7800x3d,amazon-br,https://www.amazon.com.br/s?k=ryzen+7+7800x3d,280000
ryzen-7800x3d,olx,https://olx.com.br/brasil?q=ryzen+7+7800x3d,180000
ryzen-7800x3d,olx,https://olx.com.br/brasil?q=ryzen+7+7800x3d,229900
ryzen-7800x3d,olx,https://olx.com.br/brasil?q=ryzen+7+7800x3d,249900
ryzen-7800x3d,olx,https://olx.com.br/brasil?q=ryzen+7+7800x3d,180000
ryzen-7800x3d,olx,https://olx.com.br/brasil?q=ryzen+7+7800x3d,219900
ryzen-7800x3d,olx,https://olx.com.br/brasil?q=ryzen+7+7800x3d,239900
ryzen-7800x3d,olx,https://olx.com.br/brasil?q=ryzen+7+7800x3d,199900
ryzen-7800x3d,olx,https://olx.com.br/brasil?q=ryzen+7+7800x3d,209900
ryzen-7800x3d,olx,https://olx.com.br/brasil?q=ryzen+7+7800x3d,195000
ryzen-7800x3d,olx,https://olx.com.br/brasil?q=ryzen+7+7800x3d,189900
ryzen-7800x3d,olx,https://olx.com.br/brasil?q=ryzen+7+7800x3d,195000
ryzen-7800x3d,olx,https://olx.com.br/brasil?q=ryzen+7+7800x3d,210000
ryzen-7800x3d,olx,https://olx.com.br/brasil?q=ryzen+7+7800x3d,194900
ryzen-7800x3d,olx,https://olx.com.br/brasil?q=ryzen+7+7800x3d,200000
ryzen-7800x3d,olx,https://olx.com.br/brasil?q=ryzen+7+7800x3d,220000
ryzen-7800x3d,olx,https://olx.com.br/brasil?q=ryzen+7+7800x3d,230000
ryzen-7800x3d,olx,https://olx.com.br/brasil?q=ryzen+7+7800x3d,210000
ryzen-7800x3d,olx,https://olx.com.br/brasil?q=ryzen+7+7800x3d,209900
ryzen-7800x3d,olx,https://olx.com.br/brasil?q=ryzen+7+7800x3d,229900
ryzen-7800x3d,olx,https://olx.com.br/brasil?q=ryzen+7+7800x3d,195000
ryzen-7800x3d,olx,https://olx.com.br/brasil?q=ryzen+7+7800x3d,218000
ryzen-7800x3d,olx,https://olx.com.br/brasil?q=ryzen+7+7800x3d,225000
ryzen-7800x3d,olx,https://olx.com.br/brasil?q=ryzen+7+7800x3d,199000
ryzen-7800x3d,olx,https://olx.com.br/brasil?q=ryzen+7+7800x3d,215000
ryzen-7800x3d,olx,https://olx.com.br/brasil?q=ryzen+7+7800x3d,249900
ryzen-7800x3d,olx,https://olx.com.br/brasil?q=ryzen+7+7800x3d,220000
ryzen-7800x3d,olx,https://olx.com.br/brasil?q=ryzen+7+7800x3d,240000
ryzen-7800x3d,olx,https://olx.com.br/brasil?q=ryzen+7+7800x3d,246000
ryzen-7800x3d,olx,https://olx.com.br/brasil?q=ryzen+7+7800x3d,239900
ryzen-7800x3d,olx,https://olx.com.br/brasil?q=ryzen+7+7800x3d,249900
ryzen-7800x3d,olx,https://olx.com.br/brasil?q=ryzen+7+7800x3d,180000
ryzen-7800x3d,olx,https://olx.com.br/brasil?q=ryzen+7+7800x3d,190000
ryzen-7900x,terabyte,https://www.terabyteshop.com.br/produto/22266/processador-amd-ryzen-9-7900x-47ghz-56ghz-turbo-12-cores-24-threads-am5-100-100000589wof,189999
ryzen-7900x,terabyte,https://www.terabyteshop.com.br/produto/22266/processador-amd-ryzen-9-7900x-47ghz-56ghz-turbo-12-cores-24-threads-am5-100-100000589wof,243998
ryzen-7900x,terabyte,https://www.terabyteshop.com.br/produto/33047/processador-amd-ryzen-9-7900x-47ghz-56ghz-turbo-12-cores-24-threads-am5-sem-cooler-100-100000589wof-m,359999
ryzen-7900x,amazon-br,https://www.amazon.com.br/s?k=ryzen+9+7900x,189999
ryzen-7900x,amazon-br,https://www.amazon.com.br/s?k=ryzen+9+7900x,219999
ryzen-7900x,amazon-br,https://www.amazon.com.br/s?k=ryzen+9+7900x,199366
ryzen-7900x,amazon-br,https://www.amazon.com.br/s?k=ryzen+9+7900x,189999
ryzen-7900x,amazon-br,https://www.amazon.com.br/s?k=ryzen+9+7900x,208991
ryzen-7900x,amazon-br,https://www.amazon.com.br/s?k=ryzen+9+7900x,219999
ryzen-7900x,amazon-br,https://www.amazon.com.br/s?k=ryzen+9+7900x,199999
ryzen-7900x,amazon-br,https://www.amazon.com.br/s?k=ryzen+9+7900x,199366
ryzen-7900x,amazon-br,https://www.amazon.com.br/s?k=ryzen+9+7900x,239999
ryzen-7900x,amazon-br,https://www.amazon.com.br/s?k=ryzen+9+7900x,329999
ryzen-7900x,amazon-br,https://www.amazon.com.br/s?k=ryzen+9+7900x,300000
ryzen-7900x,amazon-br,https://www.amazon.com.br/s?k=ryzen+9+7900x,238925
ryzen-7900x,amazon-br,https://www.amazon.com.br/s?k=ryzen+9+7900x,300000
ryzen-7900x,amazon-br,https://www.amazon.com.br/s?k=ryzen+9+7900x,342380
ryzen-7900x,amazon-br,https://www.amazon.com.br/s?k=ryzen+9+7900x,237500
ryzen-7900x,amazon-br,https://www.amazon.com.br/s?k=ryzen+9+7900x,187149
ryzen-7900x,amazon-br,https://www.amazon.com.br/s?k=ryzen+9+7900x,294500
ryzen-7900x,amazon-br,https://www.amazon.com.br/s?k=ryzen+9+7900x,200000
ryzen-7900x,amazon-br,https://www.amazon.com.br/s?k=ryzen+9+7900x,200000
ryzen-7900x,amazon-br,https://www.amazon.com.br/s?k=ryzen+9+7900x,280000
ryzen-7900x,amazon-br,https://www.amazon.com.br/s?k=ryzen+9+7900x,280000
ryzen-7900x,olx,https://olx.com.br/brasil?q=ryzen+9+7900x,170000
ryzen-7900x,olx,https://olx.com.br/brasil?q=ryzen+9+7900x,210000
ryzen-7900x,olx,https://olx.com.br/brasil?q=ryzen+9+7900x,180000
ryzen-7900x,olx,https://olx.com.br/brasil?q=ryzen+9+7900x,170000
ryzen-7900x,olx,https://olx.com.br/brasil?q=ryzen+9+7900x,215000
ryzen-7900x,olx,https://olx.com.br/brasil?q=ryzen+9+7900x,200000
ryzen-7900x,olx,https://olx.com.br/brasil?q=ryzen+9+7900x,200000
ryzen-7900x,olx,https://olx.com.br/brasil?q=ryzen+9+7900x,233000
ryzen-7900x,olx,https://olx.com.br/brasil?q=ryzen+9+7900x,259900
ryzen-7900x,olx,https://olx.com.br/brasil?q=ryzen+9+7900x,250000
ryzen-7900x,olx,https://olx.com.br/brasil?q=ryzen+9+7900x,179900
