site,sku,floor_cents,median_cents,n
amazon-br,ddr4-16gb,42835,60409.0,13
amazon-br,ddr4-32gb,42835,75757.5,4
amazon-br,ddr5-16gb,17947,173764.0,23
amazon-br,ddr5-32gb,262264,359787.5,18
amazon-br,ddr5-64gb,94905,411665.0,29
amazon-br,rtx-5060,183908,318718.0,42
amazon-br,rtx-5060-ti,260410,346469.0,40
amazon-br,rtx-5070,317646,548888.0,31
amazon-br,rtx-5070-ti,388234,588888.0,13
amazon-br,rtx-5080,551533,1012499.0,9
amazon-br,rtx-5090,800000,1650000.0,29
amazon-br,ryzen-7600,80174,120000.0,25
amazon-br,ryzen-7800x3d,180499,226714.0,22
amazon-br,ryzen-7900x,187149,219999.0,21
amazon-br,ryzen-9800x3d,266285,364999.0,16
amazon-br,ryzen-9950x,345542,410000.0,15
kabum,ddr4-16gb,12778,18299.0,37
kabum,ddr4-32gb,20011,27665.0,54
kabum,ddr5-16gb,73900,148900.0,5
kabum,ddr5-32gb,229900,247900.0,9
kabum,ddr5-64gb,82900,184900.0,12
kabum,rtx-5060,259900,349900.0,4
kabum,rtx-5060-ti,259900,349900.0,4
kabum,rtx-5070,359900,455600.0,6
kabum,rtx-5070-ti,411100,611100.0,7
kabum,rtx-5080,611100,811100.0,5
kabum,rtx-5090,811100,1599900.0,17
kabum,ryzen-7600,125900,125900.0,1
kabum,ryzen-9600x,145900,151900.0,6
kabum,ryzen-9700x,153000,249900.0,6
kabum,ryzen-9800x3d,369900,369900.0,1
kabum,ryzen-9950x,369900,399900.0,6
olx,ddr4-16gb,33000,55000.0,54
olx,ddr4-32gb,60000,90000.0,19
olx,ddr5-16gb,75000,139900.0,57
olx,ddr5-32gb,130000,280000.0,57
olx,ddr5-64gb,150000,639900.0,51
olx,rtx-5060,220000,275000.0,49
olx,rtx-5060-ti,240000,329950.0,62
olx,rtx-5070,450000,519950.0,34
olx,rtx-5070-ti,700000,850000.0,35
olx,rtx-5080,900000,1099950.0,26
olx,rtx-5090,1700000,3049950.0,46
olx,ryzen-7600,80000,90000.0,24
olx,ryzen-7800x3d,180000,212500.0,32
olx,ryzen-7900x,170000,200000.0,11
olx,ryzen-9600x,120000,124450.0,14
olx,ryzen-9700x,153000,169000.0,13
olx,ryzen-9800x3d,261900,294950.0,16
olx,ryzen-9950x,330000,339950.0,4
pichau,ddr4-16gb,43900,60400.0,4
pichau,ddr4-32gb,43900,68900.0,7
pichau,ddr5-16gb,19900,71400.0,14
pichau,ddr5-32gb,34100,75600.0,6
pichau,ddr5-64gb,41700,65800.0,2
pichau,ryzen-7600,99900,99900.0,2
terabyte,ddr4-16gb,69999,69999.0,2
terabyte,ddr4-32gb,50149,57648.5,4
terabyte,ddr5-16gb,149999,188234.0,3
terabyte,ddr5-32gb,61169,179317.0,8
terabyte,ddr5-64gb,157249,190731.5,6
terabyte,rtx-5060,323528,335293.0,6
terabyte,rtx-5060-ti,353999,459999.0,8
terabyte,rtx-5070,670587,676469.5,4
terabyte,rtx-5070-ti,670587,694116.0,3
terabyte,rtx-5080,1099990,1123989.5,2
terabyte,rtx-5090,3699990,3999999.0,5
terabyte,ryzen-7600,119999,127990.0,3
terabyte,ryzen-7800x3d,209999,255024.0,2
terabyte,ryzen-7900x,189999,243998.0,3
terabyte,ryzen-9600x,127999,208999.0,7
terabyte,ryzen-9700x,189999,237944.0,8
terabyte,ryzen-9800x3d,429999,477998.0,3
terabyte,ryzen-9950x,377998,454498.5,2
